Age;Weight;Height;Tflight;Height;Power;2Axel
4;15;115;0,306;11,5;16,02;0
4;15;115;0,3;11;16,54;0
4;15;115;0,292;10,5;16,25;0
4;15;115;0,282;9,7;16,34;0
4;15;115;0,28;9,6;13,54;0
4;15;115;0,279;9,5;13,05;0
4;15;115;0,278;9,5;12,66;0
4;15;115;0,276;9,3;13,44;0
4;15;115;0,268;8,8;14,55;0
4;15;115;0,268;8,8;15,48;0
4;15;115;0,266;8,7;14,69;0
4;15;115;0,265;8,6;13,71;0
4;15;115;0,264;8,5;14,21;0
4;15;115;0,262;8,4;14,31;0
4;15;115;0,259;8,2;14,67;0
4;15;115;0,256;8;7,51;0
4;15;115;0,252;7,8;13,69;0
4;15;115;0,238;6,9;11,69;0
4;15;115;0,236;6,8;12,61;0
5;19;114;0,392;18,8;15,61;0
5;19;114;0,38;17,7;15,49;0
5;19;114;0,377;17,4;14,33;0
5;19;114;0,34;14,2;12,6;0
5;19;114;0,339;14,1;12,41;0
5;19;114;0,33;13,3;14,7;0
5;19;114;0,327;13,1;12,82;0
5;19;114;0,325;12,9;12,82;0
5;19;114;0,316;12,2;11,09;0
5;19;114;0,313;12;11,85;0
5;19;114;0,308;11,6;11,22;0
5;19;114;0,306;11,5;10,59;0
5;19;114;0,305;11,4;10,43;0
5;19;114;0,297;10,8;11,5;0
5;19;114;0,274;9,2;11,9;0
5;31;127;0,366;16,4;17,12;0
5;31;127;0,361;16;15,33;0
5;31;127;0,356;15,5;17,74;0
5;31;127;0,353;15,3;15,6;0
5;31;127;0,349;14,9;15,28;0
5;31;127;0,349;14,9;15,31;0
5;31;127;0,323;12,8;13,49;0
5;31;127;0,323;12,8;17,09;0
5;31;127;0,322;12,7;19,67;0
5;31;127;0,313;12;14,05;0
5;31;127;0,312;11,9;12,8;0
5;31;127;0,291;10,4;15,34;0
5;31;127;0,277;9,4;11,43;0
5;31;127;0,262;8,4;12,57;0
5;31;127;0,261;8,4;12,62;0
5;31;127;0,259;8,2;14,06;0
5;31;127;0,257;8,1;10,52;0
5;31;127;0,253;7,8;9,8;0
5;31;127;0,25;7,7;11,75;0
5;31;127;0,241;7,1;8,48;0
5;31;127;0,237;6,9;10,61;0
5;31;127;0,231;6,5;9,98;0
6;22;118;0,448;24,6;35,9;0
6;22;118;0,445;24,3;30,79;0
6;22;118;0,445;24,3;34,87;0
6;22;118;0,444;24,2;30,02;0
6;22;118;0,442;23,9;34,71;0
6;22;118;0,441;23,8;35,88;0
6;22;118;0,432;22,9;33,63;0
6;22;118;0,432;22,9;35,74;0
6;22;118;0,429;22,6;27,53;0
6;22;118;0,425;22,1;30,32;0
6;22;118;0,425;22,1;31,93;0
6;22;118;0,419;21,5;25,71;0
6;22;118;0,416;21,2;31,56;0
6;22;118;0,415;21,1;31,1;0
6;22;118;0,411;20,7;35,11;0
6;22;118;0,41;20,6;30,48;0
6;22;118;0,409;20,5;22,17;0
6;22;118;0,403;19,9;25,18;0
6;22;118;0,403;19,9;28,55;0
6;22;118;0,392;18,8;31,16;0
6;22;118;0,382;17,9;24,92;0
6;22;118;0,382;17,9;25,13;0
6;22;118;0,38;17,7;24,7;0
6;30;135;0,328;13,2;16,07;0
6;30;135;0,309;11,7;14,76;0
6;30;135;0,3;11;18,48;0
6;30;135;0,295;10,7;16,6;0
6;30;135;0,292;10,5;16,05;0
6;30;135;0,292;10,5;16,51;0
6;30;135;0,288;10,2;17,36;0
6;30;135;0,286;10;15,24;0
6;30;135;0,284;9,9;16,06;0
6;30;135;0,283;9,8;13,35;0
6;30;135;0,283;9,8;14,02;0
6;30;135;0,282;9,7;15,13;0
6;30;135;0,281;9,7;15,38;0
6;30;135;0,278;9,5;13,25;0
6;30;135;0,272;9,1;15,76;0
6;30;135;0,269;8,9;14,2;0
6;30;135;0,267;8,7;13,94;0
6;30;135;0,261;8,4;11,73;0
6;30;135;0,257;8,1;14,12;0
6;30;135;0,255;8;13,72;0
6;30;135;0,254;7,9;13,09;0
6;30;135;0,251;7,7;12,8;0
6;30;135;0,246;7,4;11,9;0
6;30;135;0,244;7,3;12,49;0
6;30;135;0,238;6,9;12,09;0
7;26;129;0,322;12,7;18,17;0
7;26;129;0,317;12,3;17,9;0
7;26;129;0,317;12,3;17,99;0
7;26;129;0,315;12,2;17,31;0
7;26;129;0,313;12;17,42;0
7;26;129;0,3;11;15,9;0
7;26;129;0,298;10,9;16,83;0
7;26;129;0,296;10,7;15,93;0
7;26;129;0,293;10,5;16,06;0
7;26;129;0,29;10,3;14,81;0
7;26;129;0,29;10,3;15;0
7;26;129;0,29;10,3;15,84;0
7;26;129;0,288;10,2;15,27;0
7;26;129;0,287;10,1;15,15;0
7;26;129;0,286;10;14,84;0
7;26;129;0,283;9,8;15,21;0
7;26;129;0,282;9,7;14,49;0
7;26;129;0,281;9,7;14,29;0
7;26;129;0,28;9,6;13,82;0
7;26;129;0,28;9,6;14,18;0
7;26;129;0,28;9,6;14,96;0
7;26;129;0,277;9,4;15,04;0
7;26;129;0,275;9,3;14,35;0
7;26;129;0,272;9,1;13,33;0
7;26;129;0,266;8,7;13,82;0
7;26;129;0,264;8,5;12,97;0
7;26;129;0,262;8,4;13,18;0
7;26;129;0,25;7,7;11,88;0
7;27;128;0,383;18;25,46;0
7;27;128;0,38;17,7;20,79;0
7;27;128;0,38;17,7;24,1;0
7;27;128;0,365;16,3;19,28;0
7;27;128;0,363;16,2;20,77;0
7;27;128;0,363;16,2;21,2;0
7;27;128;0,362;16,1;23,85;0
7;27;128;0,356;15,5;20,14;0
7;27;128;0,353;15,3;20,14;0
7;27;128;0,353;15,3;22,62;0
7;27;128;0,351;15,1;19,25;0
7;27;128;0,35;15;20,58;0
7;27;128;0,344;14,5;18,25;0
7;27;128;0,344;14,5;19,47;0
7;27;128;0,344;14,5;19,7;0
7;27;128;0,342;14,3;18,49;0
7;27;128;0,34;14,2;19,03;0
7;27;128;0,336;13,8;18,06;0
7;27;128;0,335;13,8;19,63;0
7;27;128;0,331;13,4;18,21;0
7;27;128;0,329;13,3;15,54;0
7;27;128;0,327;13,1;17,83;0
7;27;128;0,324;12,9;16,9;0
7;27;128;0,322;12,7;17,71;0
7;28;131;0,456;25,5;34,66;0
7;28;131;0,446;24,4;30,48;0
7;28;131;0,429;22,6;28,37;0
7;28;131;0,429;22,6;28,75;0
7;28;131;0,429;22,6;30,43;0
7;28;131;0,427;22,4;28,76;0
7;28;131;0,426;22,2;27,35;0
7;28;131;0,423;21,9;28,48;0
7;28;131;0,423;21,9;29,2;0
7;28;131;0,422;21,8;26,87;0
7;28;131;0,42;21,6;27,92;0
7;28;131;0,414;21;25,8;0
7;28;131;0,411;20,7;25,75;0
7;28;131;0,409;20,5;24,9;0
7;28;131;0,403;19,9;23,84;0
7;28;131;0,402;19,8;27,57;0
7;28;131;0,397;19,3;23,68;0
7;28;131;0,395;19,1;25;0
7;28;131;0,391;18,7;25,11;0
7;28;131;0,391;18,7;25,11;0
7;28;131;0,39;18,6;23,33;0
7;28;131;0,383;18;22,82;0
7;29;131;0,423;21,9;20,98;0
7;29;131;0,418;21,4;20;0
7;29;131;0,417;21,3;19,79;0
7;29;131;0,41;20,6;18,62;0
7;29;131;0,406;20,2;17,55;0
7;29;131;0,403;19,9;19,14;0
7;29;131;0,401;19,7;20,06;0
7;29;131;0,393;18,9;17,14;0
7;29;131;0,389;18,5;18,45;0
7;29;131;0,386;18,3;17,38;0
7;29;131;0,385;18,2;19,93;0
7;29;131;0,382;17,9;16,1;0
7;29;131;0,377;17,4;16,01;0
7;29;131;0,374;17,1;18,18;0
7;29;131;0,365;16,3;17,01;0
7;29;131;0,359;15,8;17,72;0
7;29;131;0,358;15,7;13,85;0
7;29;131;0,35;15;14,97;0
7;25;131;0,242;7,2;17,08;0
7;25;131;0,24;7,1;10,46;0
8;23;119;0,359;15,8;20,73;0
8;23;119;0,336;13,8;20,36;0
8;23;119;0,335;13,8;19,58;0
8;23;119;0,333;13,6;19,55;0
8;23;119;0,332;13,5;19,02;0
8;23;119;0,325;12,9;22,32;0
8;23;119;0,319;12,5;18,26;0
8;23;119;0,317;12,3;17,06;0
8;23;119;0,312;11,9;18,54;0
8;23;119;0,309;11,7;17,24;0
8;23;119;0,309;11,7;17,24;0
8;23;119;0,308;11,6;16,11;0
8;23;119;0,307;11,6;16;0
8;23;119;0,307;11,6;17,5;0
8;23;119;0,305;11,4;20,19;0
8;23;119;0,304;11,3;19,06;0
8;23;119;0,303;11,3;16,8;0
8;23;119;0,296;10,7;15,93;0
8;23;119;0,293;10,5;17,16;0
8;23;119;0,293;10,5;17,74;0
8;23;119;0,292;10,5;19,01;0
8;23;119;0,29;10,3;16,29;0
8;23;119;0,284;9,9;16,93;0
8;23;119;0,283;9,8;16,34;0
8;23;119;0,281;9,7;14,67;0
8;23;119;0,276;9,3;15,32;0
8;23;119;0,258;8,2;11,27;0
8;23;119;0,253;7,8;14,45;0
8;23;119;0,249;7,6;12,1;0
8;23;119;0,246;7,4;11,02;0
8;23;119;0,245;7,4;11,1;0
8;23;119;0,24;7,1;10,58;0
8;23;119;0,239;7;10,72;0
8;23;119;0,238;6,9;10,45;0
8;23;119;0,238;6,9;10,53;0
8;23;119;0,238;6,9;10,66;0
8;23;119;0,236;6,8;10,58;0
8;23;119;0,233;6,7;10,31;0
8;28;132;0,373;17,1;11,88;0
8;28;132;0,358;15,7;11,98;0
8;28;132;0,35;15;11,28;0
8;28;132;0,345;14,6;10,42;0
8;28;132;0,344;14,5;11,22;0
8;28;132;0,342;14,3;11,11;0
8;28;132;0,339;14,1;11,07;0
8;28;132;0,331;13,4;10,39;0
8;28;132;0,328;13,2;10,46;0
8;28;132;0,324;12,9;10,34;0
8;28;132;0,294;10,6;9,03;0
8;28;132;0,279;9,5;9,97;0
8;28;132;0,275;9,3;8,13;0
8;28;132;0,257;8,1;7,56;0
8;28;132;0,255;8;7,28;0
8;28;132;0,25;7,7;7,16;0
8;28;132;0,24;7,1;6,95;0
8;28;132;0,24;7,1;7,46;0
8;28;132;0,238;6,9;6,66;0
8;28;132;0,236;6,8;6,8;0
8;24;122;0,497;30,3;36,19;0
8;24;122;0,445;24,3;91,39;0
8;24;122;0,358;15,7;25,92;0
8;24;122;0,338;14;11,98;0
8;24;122;0,338;14;21,27;0
8;24;122;0,331;13,4;19,46;0
8;24;122;0,325;12,9;22,16;0
8;24;122;0,312;11,9;20,65;0
8;24;122;0,309;11,7;19,97;0
8;24;122;0,288;10,2;14,87;0
8;24;122;0,274;9,2;19,48;0
8;24;122;0,27;8,9;16,39;0
8;24;122;0,267;8,7;15,39;0
8;24;122;0,233;6,7;13,23;0
8;39;142;0,427;22,4;35,46;0
8;39;142;0,425;22,1;31,93;0
8;39;142;0,424;22;31,91;0
8;39;142;0,424;22;32,7;0
8;39;142;0,422;21,8;33,41;0
8;39;142;0,422;21,8;33,29;0
8;39;142;0,421;21,7;31,75;0
8;39;142;0,421;21,7;33,93;0
8;39;142;0,42;21,6;33,02;0
8;39;142;0,418;21,4;32,16;0
8;39;142;0,411;20,7;31,48;0
8;39;142;0,408;20,4;33,08;0
8;39;142;0,405;20,1;30,49;0
8;39;142;0,403;19,9;28,83;0
8;39;142;0,403;19,9;30,35;0
8;39;142;0,4;19,6;28,29;0
8;39;142;0,392;18,8;28,67;0
8;39;142;0,391;18,7;28,15;0
8;39;142;0,39;18,6;28,23;0
8;39;142;0,388;18,5;27,7;0
8;39;142;0,388;18,5;29,21;0
8;39;142;0,386;18,3;25,86;0
8;39;142;0,384;18,1;26,53;0
8;39;142;0,371;16,9;24,1;0
8;32;142;0,483;28,6;38,19;0
8;32;142;0,478;28;34,38;0
8;32;142;0,477;27,9;35,57;0
8;32;142;0,477;27,9;37,03;0
8;32;142;0,476;27,8;34,82;0
8;32;142;0,468;26,8;31,66;0
8;32;142;0,467;26,7;33,63;0
8;32;142;0,462;26,2;32,22;0
8;32;142;0,462;26,2;33,91;0
8;32;142;0,461;26,1;31,85;0
8;32;142;0,456;25,5;31,88;0
8;32;142;0,451;24,9;31,92;0
8;32;142;0,45;24,8;29,62;0
8;32;142;0,45;24,8;30,85;0
8;32;142;0,444;24,2;29,41;0
8;32;142;0,443;24,1;28,52;0
8;32;142;0,437;23,4;28,58;0
8;32;142;0,433;23;28,73;0
8;32;142;0,429;22,6;28,3;0
8;32;142;0,429;22,6;28,91;0
8;32;142;0,428;22,5;27,91;0
8;35;141;0,434;23,1;72,47;0
8;35;141;0,407;20,3;26,17;0
8;35;141;0,4;19,6;24,36;0
8;35;141;0,399;19,5;24,09;0
8;35;141;0,399;19,5;26,68;0
8;35;141;0,395;19,1;24,21;0
8;35;141;0,391;18,7;24,72;0
8;35;141;0,384;18,1;24,92;0
8;35;141;0,375;17,2;22,17;0
8;35;141;0,36;15,9;21,32;0
8;35;141;0,351;15,1;18,83;0
8;35;141;0,351;15,1;20,48;0
8;35;141;0,347;14,8;19,14;0
8;35;141;0,338;14;18,37;0
8;35;141;0,325;12,9;18,22;0
8;35;141;0,325;12,9;18,39;0
8;35;141;0,307;11,6;16,52;0
8;35;141;0,305;11,4;16,65;0
8;35;141;0,301;11,1;15,39;0
8;35;141;0,298;10,9;16,83;0
8;35;141;0,296;10,7;14,72;0
8;35;141;0,289;10,2;14,53;0
8;35;141;0,283;9,8;14,38;0
8;35;141;0,271;9;13,18;0
8;35;141;0,247;7,5;11,33;0
9;27;128;0,439;23,6;103,22;0
9;27;128;0,418;21,4;23,73;0
9;27;128;0,411;20,7;42,9;0
9;27;128;0,377;17,4;83,35;0
9;27;128;0,373;17,1;20,87;0
9;27;128;0,353;15,3;20,97;0
9;27;128;0,348;14,8;11,5;0
9;27;128;0,347;14,8;16,23;0
9;27;128;0,343;14,4;18,42;0
9;27;128;0,338;14;18,57;0
9;27;128;0,334;13,7;16,97;0
9;27;128;0,334;13,7;18,11;0
9;27;128;0,331;13,4;18,98;0
9;27;128;0,33;13,3;19,03;0
9;27;128;0,329;13,3;18,98;0
9;27;128;0,325;12,9;18,48;0
9;27;128;0,322;12,7;17,26;0
9;27;128;0,315;12,2;17,39;0
9;27;128;0,312;11,9;16,79;0
9;27;128;0,311;11,9;15,96;0
9;27;128;0,299;11;15,89;0
9;27;128;0,298;10,9;9,41;0
9;27;128;0,298;10,9;14,21;0
9;27;128;0,298;10,9;15,5;0
9;27;128;0,292;10,5;15,56;0
9;27;128;0,284;9,9;14,52;0
9;27;128;0,275;9,3;12,95;0
9;27;128;0,269;8,9;22;0
9;27;128;0,266;8,7;11,06;0
9;27;128;0,247;7,5;11,47;0
10;32;137;0,402;19,8;24,84;0
10;32;137;0,4;19,6;23,86;0
10;32;137;0,394;19;23,72;0
10;32;137;0,39;18,6;21,25;0
10;32;137;0,387;18,4;20,52;0
10;32;137;0,372;17;20,95;0
10;32;137;0,366;16,4;21,84;0
10;32;137;0,365;16,3;20,77;0
10;32;137;0,364;16,2;22,31;0
10;32;137;0,363;16,2;19,61;0
10;32;137;0,361;16;21,57;0
10;32;137;0,36;15,9;19,51;0
10;32;137;0,36;15,9;20,41;0
10;32;137;0,359;15,8;22,04;0
10;32;137;0,358;15,7;21,61;0
10;32;137;0,356;15,5;20,94;0
10;32;137;0,354;15,4;19,35;0
10;32;137;0,351;15,1;20,83;0
10;32;137;0,349;14,9;19,52;0
10;32;137;0,345;14,6;20,32;0
10;32;137;0,343;14,4;19,84;0
10;32;137;0,342;14,3;19,65;0
10;32;137;0,333;13,6;18,5;0
10;32;137;0,269;8,9;11,8;0
10;32;137;0,263;8,5;12,46;0
10;32;137;0,255;8;11,16;0
10;32;137;0,253;7,8;7,66;0
10;32;137;0,253;7,8;10,66;0
10;32;137;0,252;7,8;10,43;0
10;32;137;0,251;7,7;10,57;0
10;32;137;0,251;7,7;10,68;0
10;32;137;0,249;7,6;10,37;0
10;32;137;0,246;7,4;7,46;0
10;32;137;0,246;7,4;10,26;0
10;32;137;0,242;7,2;10,48;0
10;32;137;0,24;7,1;9,76;0
10;32;137;0,24;7,1;10,88;0
10;32;137;0,239;7;10,67;0
10;32;137;0,237;6,9;10,66;0
10;32;137;0,235;6,8;10,26;0
10;32;137;0,234;6,7;7,88;0
10;32;137;0,233;6,7;9,72;0
10;32;137;0,233;6,7;10,18;0
10;34;135;0,483;28,6;61,69;0
10;34;135;0,409;20,5;73,67;0
10;34;135;0,356;15,5;19,25;0
10;34;135;0,346;14,7;19,02;0
10;34;135;0,345;14,6;19,13;0
10;34;135;0,342;14,3;18,68;0
10;34;135;0,334;13,7;17,41;0
10;34;135;0,332;13,5;18,14;0
10;34;135;0,33;13,3;17,56;0
10;34;135;0,328;13,2;17,57;0
10;34;135;0,327;13,1;16,98;0
10;34;135;0,327;13,1;17,01;0
10;34;135;0,326;13;16,8;0
10;34;135;0,322;12,7;16,25;0
10;34;135;0,318;12,4;16,18;0
10;34;135;0,317;12,3;14,92;0
10;34;135;0,315;12,2;15,77;0
10;34;135;0,315;12,2;15,91;0
10;34;135;0,315;12,2;16,19;0
10;34;135;0,313;12;14,66;0
10;34;135;0,312;11,9;14,93;0
10;34;135;0,312;11,9;15,2;0
10;34;135;0,309;11,7;14,88;0
10;34;135;0,308;11,6;15,14;0
10;34;135;0,308;11,6;15,22;0
10;34;135;0,295;10,7;13,07;0
10;34;135;0,295;10,7;13,86;0
10;34;135;0,292;10,5;13,99;0
10;34;135;0,292;10,5;14,04;0
10;34;135;0,285;10;13,07;0
10;34;135;0,271;9;11,52;0
10;34;135;0,268;8,8;11,19;0
10;34;135;0,252;7,8;10,58;0
10;34;135;0,251;7,7;9,33;0
10;34;135;0,249;7,6;11,04;0
10;34;135;0,246;7,4;9,83;0
10;34;135;0,244;7,3;9,03;0
10;34;135;0,236;6,8;9,42;0
10;34;135;0,233;6,7;9,1;0
10;34;135;0,231;6,5;8,79;0
10;34;135;0,231;6,5;8,91;0
10;34;135;0,23;6,5;8,49;0
11;39;145;0,304;11,3;14,57;0
11;39;145;0,301;11,1;13,84;0
11;39;145;0,3;11;13,73;0
11;39;145;0,298;10,9;13,26;0
11;39;145;0,297;10,8;13,17;0
11;39;145;0,292;10,5;13,27;0
11;39;145;0,292;10,5;13,39;0
11;39;145;0,289;10,2;12,94;0
11;39;145;0,285;10;12,77;0
11;39;145;0,285;10;13,01;0
11;39;145;0,281;9,7;12,37;0
11;39;145;0,28;9,6;12,39;0
11;39;145;0,279;9,5;12,24;0
11;39;145;0,279;9,5;12,28;0
11;39;145;0,275;9,3;12,06;0
11;39;145;0,275;9,3;12,55;0
11;39;145;0,274;9,2;11,98;0
11;39;145;0,274;9,2;12,73;0
11;39;145;0,273;9,1;11,65;0
11;39;145;0,273;9,1;12,54;0
11;39;145;0,271;9;12,09;0
11;39;145;0,27;8,9;12,04;0
11;39;145;0,269;8,9;12,12;0
11;39;145;0,268;8,8;11,52;0
11;39;145;0,267;8,7;11,81;0
11;39;145;0,267;8,7;11,89;0
11;39;145;0,265;8,6;11,78;0
11;39;145;0,264;8,5;11,35;0
11;39;145;0,263;8,5;11,36;0
11;39;145;0,261;8,4;11,36;0
11;39;145;0,26;8,3;11,15;0
11;39;145;0,259;8,2;11,11;0
11;39;145;0,259;8,2;11,28;0
11;39;145;0,259;8,2;11,33;0
11;39;145;0,259;8,2;11,36;0
11;39;145;0,258;8,2;11,45;0
11;39;145;0,257;8,1;11,33;0
11;39;145;0,257;8,1;11,49;0
11;39;145;0,255;8;11,09;0
11;39;145;0,254;7,9;10,94;0
11;39;145;0,253;7,8;10,94;0
11;39;145;0,252;7,8;10,83;0
11;39;145;0,249;7,6;9,99;0
11;39;145;0,248;7,5;10,43;0
11;39;145;0,246;7,4;10,56;0
11;39;145;0,245;7,4;10,21;0
11;39;145;0,241;7,1;9,96;0
11;39;145;0,236;6,8;9,66;0
12;48;152;0,379;17,6;20,51;0
12;48;152;0,378;17,5;19,02;0
12;48;152;0,377;17,4;20,77;0
12;48;152;0,375;17,2;19,96;0
12;48;152;0,373;17,1;18,78;0
12;48;152;0,373;17,1;19,26;0
12;48;152;0,37;16,8;19,12;0
12;48;152;0,367;16,5;18,16;0
12;48;152;0,367;16,5;18,79;0
12;48;152;0,362;16,1;18,9;0
12;48;152;0,36;15,9;19,4;0
12;48;152;0,356;15,5;17,6;0
12;48;152;0,356;15,5;18,39;0
12;48;152;0,351;15,1;17,25;0
12;48;152;0,348;14,8;16,26;0
12;48;152;0,348;14,8;17,3;0
12;48;152;0,347;14,8;17,04;0
12;48;152;0,347;14,8;17,14;0
12;48;152;0,345;14,6;16,99;0
12;48;152;0,344;14,5;16,54;0
12;48;152;0,344;14,5;17,16;0
12;48;152;0,311;11,9;12,9;0
12;48;152;0,299;11;13,13;0
12;48;152;0,293;10,5;11,86;0
12;48;152;0,293;10,5;12,02;0
12;48;152;0,278;9,5;11,35;0
12;48;152;0,271;9;10,44;0
12;48;152;0,267;8,7;10,03;0
12;48;152;0,267;8,7;10,12;0
12;48;152;0,263;8,5;9,9;0
12;48;152;0,252;7,8;9,62;0
12;48;152;0,246;7,4;8,74;0
12;48;152;0,246;7,4;8,89;0
12;48;152;0,244;7,3;8,87;0
12;48;152;0,242;7,2;8,73;0
12;48;152;0,242;7,2;9,09;0
12;48;152;0,241;7,1;8,87;0
12;48;152;0,24;7,1;8,71;0
12;48;152;0,24;7,1;8,83;0
12;48;152;0,239;7;8,45;0
12;48;152;0,239;7;8,64;0
12;48;152;0,237;6,9;8,01;0
12;48;152;0,237;6,9;8,28;0
12;48;152;0,236;6,8;8,36;0
12;48;152;0,232;6,6;8,31;0
12;48;152;0,231;6,5;8,24;0
12;48;152;0,231;6,5;8,5;0
12;36;150;0,465;26,5;34,6;1
12;36;150;0,464;26,4;32,81;1
12;36;150;0,464;26,4;35,69;1
12;36;150;0,462;26,2;33,13;1
12;36;150;0,461;26,1;33,49;1
12;36;150;0,46;25,9;31,82;1
12;36;150;0,459;25,8;34,06;1
12;36;150;0,458;25,7;32,29;1
12;36;150;0,458;25,7;35,61;1
12;36;150;0,456;25,5;32,6;1
12;36;150;0,452;25;28,79;1
12;36;150;0,449;24,7;31,78;1
12;36;150;0,449;24,7;33,55;1
12;36;150;0,448;24,6;32,51;1
12;36;150;0,446;24,4;28,84;1
12;36;150;0,445;24,3;31,49;1
12;36;150;0,444;24,2;32,52;1
12;36;150;0,443;24,1;32,49;1
12;36;150;0,434;23,1;32,52;1
12;36;150;0,425;22,1;30,8;1
12;36;150;0,397;19,3;23,42;1
12;36;150;0,324;12,9;15,73;1
12;36;150;0,318;12,4;14,97;1
12;36;150;0,317;12,3;14,3;1
12;36;150;0,316;12,2;14,12;1
12;36;150;0,311;11,9;13,94;1
12;36;150;0,309;11,7;13,84;1
12;36;150;0,309;11,7;14,67;1
12;36;150;0,305;11,4;13,65;1
12;36;150;0,302;11,2;14,11;1
12;36;150;0,301;11,1;14,47;1
12;36;150;0,3;11;14,15;1
12;36;150;0,299;11;12,31;1
12;36;150;0,299;11;13,74;1
12;36;150;0,298;10,9;12,37;1
12;36;150;0,298;10,9;14,26;1
12;36;150;0,297;10,8;13,47;1
12;36;150;0,295;10,7;13;1
12;36;150;0,29;10,3;12,44;1
12;36;150;0,288;10,2;12,39;1
12;36;150;0,288;10,2;12,42;1
12;36;150;0,286;10;12,51;1
12;36;150;0,286;10;12,51;1
12;36;150;0,284;9,9;12,58;1
12;36;150;0,282;9,7;12,2;1
12;36;150;0,281;9,7;12,24;1
12;36;150;0,28;9,6;13,44;1
12;36;150;0,279;9,5;11,75;1
12;36;150;0,279;9,5;12,63;1
12;36;150;0,278;9,5;12,8;1
12;36;150;0,276;9,3;12,43;1
12;36;150;0,274;9,2;11,39;1
12;36;150;0,271;9;11,55;1
12;36;150;0,27;8,9;11,53;1
12;36;150;0,269;8,9;11,33;1
12;36;150;0,268;8,8;10,83;1
12;36;150;0,267;8,7;11,5;1
12;36;150;0,266;8,7;11,4;1
12;36;150;0,265;8,6;10,58;1
12;36;150;0,265;8,6;12;1
12;36;150;0,265;8,6;12,06;1
12;36;150;0,259;8,2;10,27;1
12;36;150;0,259;8,2;11,14;1
12;36;150;0,255;8;10,41;1
12;36;150;0,251;7,7;9,73;1
12;36;150;0,251;7,7;9,82;1
12;36;150;0,248;7,5;10,46;1
12;39;150;0,591;42,8;55,17;0
12;39;150;0,57;39,8;65,09;0
12;39;150;0,557;38;47,14;0
12;39;150;0,549;36,9;45,12;0
12;39;150;0,541;35,9;42,82;0
12;39;150;0,54;35,7;40,48;0
12;39;150;0,538;35,5;44,14;0
12;39;150;0,533;34,8;37,74;0
12;39;150;0,53;34,4;40,65;0
12;39;150;0,528;34,2;44,61;0
12;39;150;0,527;34;40,26;0
12;39;150;0,521;33,3;36,43;0
12;39;150;0,52;33,1;41,27;0
12;39;150;0,516;32,6;38,11;0
12;39;150;0,515;32,5;41,77;0
12;39;150;0,495;30;34,73;0
12;39;150;0,487;29,1;53,03;0
12;39;150;0,459;25,8;30,82;0
13;45;164;0,48;28,2;39,24;0
13;45;164;0,48;28,2;40,39;0
13;45;164;0,476;27,8;42,05;0
13;45;164;0,475;27,7;41,06;0
13;45;164;0,473;27,4;40,93;0
13;45;164;0,47;27,1;40,01;0
13;45;164;0,467;26,7;40,04;0
13;45;164;0,464;26,4;39,13;0
13;45;164;0,463;26,3;41,27;0
13;45;164;0,459;25,8;37,28;0
13;45;164;0,457;25,6;39,68;0
13;45;164;0,456;25,5;36,34;0
13;45;164;0,456;25,5;37,99;0
13;45;164;0,456;25,5;40,03;0
13;45;164;0,455;25,4;39,06;0
13;45;164;0,455;25,4;40,39;0
13;45;164;0,452;25;38,31;0
13;45;164;0,452;25;39,1;0
13;45;164;0,45;24,8;40,15;0
13;45;164;0,449;24,7;34,91;0
13;45;164;0,448;24,6;37,58;0
13;45;164;0,444;24,2;37,15;0
13;45;164;0,441;23,8;36,29;0
13;45;164;0,417;21,3;26,1;0
13;45;164;0,414;21;26,91;0
13;45;164;0,407;20,3;26,59;0
13;45;164;0,406;20,2;25,49;0
13;45;164;0,405;20,1;25,77;0
13;45;164;0,404;20;25,79;0
13;45;164;0,402;19,8;25,52;0
13;45;164;0,402;19,8;26,41;0
13;45;164;0,396;19,2;25,84;0
13;45;164;0,395;19,1;24,56;0
13;45;164;0,395;19,1;25,06;0
13;45;164;0,394;19;25,22;0
13;45;164;0,393;18,9;25,18;0
13;45;164;0,39;18,6;24,81;0
13;45;164;0,389;18,5;24,14;0
13;45;164;0,386;18,3;23,33;0
13;45;164;0,384;18,1;24,19;0
13;45;164;0,383;18;23,26;0
13;45;164;0,382;17,9;23,16;0
13;45;164;0,375;17,2;22,12;0
13;45;164;0,373;17,1;21;0
13;45;164;0,369;16,7;21,86;0
13;45;164;0,365;16,3;17,48;0
13;45;164;0,364;16,2;19,13;0
13;45;164;0,36;15,9;16,69;0
13;45;164;0,355;15,4;20,65;0
13;45;164;0,338;14;9,96;0
13;45;164;0,338;14;16,93;0
13;45;164;0,33;13,3;15,7;0
13;45;164;0,329;13,3;13,85;0
13;45;164;0,328;13,2;14,12;0
13;45;164;0,326;13;13,91;0
13;45;164;0,326;13;15,87;0
13;45;164;0,322;12,7;15,14;0
13;45;164;0,321;12,6;14,02;0
13;45;164;0,32;12,6;14,69;0
13;45;164;0,318;12,4;14,31;0
13;45;164;0,315;12,2;14,69;0
13;45;164;0,31;11,8;12,88;0
13;45;164;0,307;11,6;14,6;0
13;45;164;0,294;10,6;13,18;0
13;45;164;0,273;9,1;11,55;0
13;42;155;0,451;24,9;33,07;0
13;42;155;0,438;23,5;30,58;0
13;42;155;0,436;23,3;31,35;0
13;42;155;0,433;23;30,09;0
13;42;155;0,429;22,6;29,39;0
13;42;155;0,429;22,6;29,81;0
13;42;155;0,427;22,4;29,58;0
13;42;155;0,427;22,4;29,66;0
13;42;155;0,426;22,2;27,69;0
13;42;155;0,426;22,2;29,46;0
13;42;155;0,425;22,1;29,1;0
13;42;155;0,424;22;29,66;0
13;42;155;0,415;21,1;27,6;0
13;42;155;0,412;20,8;27,42;0
13;42;155;0,411;20,7;25,56;0
13;42;155;0,41;20,6;27,05;0
13;42;155;0,407;20,3;25,72;0
13;42;155;0,399;19,5;25,28;0
13;42;155;0,394;19;25,35;0
13;42;155;0,391;18,7;24,59;0
13;42;155;0,39;18,6;24,55;0
13;42;155;0,386;18,3;23,61;0
13;42;155;0,324;12,9;15,15;0
13;42;155;0,312;11,9;13,91;0
13;42;155;0,302;11,2;13,58;0
13;42;155;0,301;11,1;14,24;0
13;42;155;0,296;10,7;14,38;0
13;42;155;0,295;10,7;12,5;0
13;42;155;0,295;10,7;13,07;0
13;42;155;0,293;10,5;13,38;0
13;42;155;0,289;10,2;12,94;0
13;42;155;0,288;10,2;13,55;0
13;42;155;0,285;10;12,37;0
13;42;155;0,284;9,9;12,6;0
13;42;155;0,28;9,6;11,53;0
13;42;155;0,28;9,6;13,06;0
13;42;155;0,279;9,5;12,61;0
13;42;155;0,278;9,5;12,66;0
13;42;155;0,277;9,4;12,65;0
13;42;155;0,275;9,3;12,55;0
13;42;155;0,274;9,2;12,43;0
13;42;155;0,271;9;10,71;0
13;42;155;0,27;8,9;11,46;0
13;42;155;0,266;8,7;11,83;0
13;42;155;0,263;8,5;10,81;0
13;42;155;0,263;8,5;11,05;0
13;42;155;0,258;8,2;10,71;0
13;42;155;0,257;8,1;11,44;0
13;42;155;0,255;8;11,43;0
13;42;155;0,253;7,8;11,06;0
13;42;155;0,249;7,6;10,37;0
13;42;155;0,249;7,6;10,91;0
13;42;155;0,248;7,5;10,22;0
13;42;155;0,248;7,5;10,4;0
13;42;155;0,246;7,4;10,56;0
13;42;155;0,244;7,3;10,18;0
13;42;155;0,244;7,3;10,22;0
13;42;155;0,243;7,2;9,75;0
13;42;155;0,243;7,2;10,54;0
13;42;155;0,239;7;9,07;0
13;42;155;0,239;7;10,12;0
13;42;155;0,239;7;10,31;0
13;42;155;0,237;6,9;9,6;0
13;42;155;0,23;6,5;8,92;0
13;42;155;0,23;6,5;9,01;0
13;55;162;0,479;28,1;36,25;1
13;55;162;0,477;27,9;37,15;1
13;55;162;0,466;26,6;33,9;1
13;55;162;0,466;26,6;34,51;1
13;55;162;0,464;26,4;34,26;1
13;55;162;0,46;25,9;32,26;1
13;55;162;0,459;25,8;32,87;1
13;55;162;0,457;25,6;31,65;1
13;55;162;0,457;25,6;34,67;1
13;55;162;0,455;25,4;31,34;1
13;55;162;0,448;24,6;31,66;1
13;55;162;0,446;24,4;29,85;1
13;55;162;0,444;24,2;30,18;1
13;55;162;0,442;23,9;28,76;1
13;55;162;0,44;23,7;28,48;1
13;55;162;0,44;23,7;29,35;1
13;55;162;0,44;23,7;29,12;1
13;55;162;0,439;23,6;27,84;1
13;55;162;0,436;23,3;27,73;1
13;55;162;0,436;23,3;28,99;1
13;55;162;0,426;22,2;27,83;1
15;65;164;0,464;26,4;31,14;0
15;65;164;0,464;26,4;31,61;0
15;65;164;0,458;25,7;28,58;0
15;65;164;0,458;25,7;29,55;0
15;65;164;0,456;25,5;28,2;0
15;65;164;0,455;25,4;30,61;0
15;65;164;0,454;25,3;27,89;0
15;65;164;0,454;25,3;29,34;0
15;65;164;0,452;25;27,46;0
15;65;164;0,451;24,9;27,53;0
15;65;164;0,446;24,4;26,35;0
15;65;164;0,446;24,4;28,24;0
15;65;164;0,446;24,4;28,43;0
15;65;164;0,445;24,3;27,82;0
15;65;164;0,441;23,8;28,31;0
15;65;164;0,44;23,7;27,14;0
15;65;164;0,437;23,4;25,46;0
15;65;164;0,437;23,4;27,64;0
15;65;164;0,433;23;25,64;0
15;65;164;0,422;21,8;22,04;0
15;65;164;0,342;14,3;15,74;0
15;65;164;0,333;13,6;15,17;0
15;65;164;0,331;13,4;15,02;0
15;65;164;0,323;12,8;14,69;0
15;65;164;0,319;12,5;14,41;0
15;65;164;0,319;12,5;14,89;0
15;65;164;0,317;12,3;14,47;0
15;65;164;0,316;12,2;14,02;0
15;65;164;0,313;12;13,72;0
15;65;164;0,313;12;14,03;0
15;65;164;0,313;12;14,43;0
15;65;164;0,312;11,9;13,6;0
15;65;164;0,308;11,6;13,38;0
15;65;164;0,307;11,6;13,73;0
15;65;164;0,305;11,4;13,19;0
15;65;164;0,303;11,3;13,33;0
15;65;164;0,302;11,2;13,08;0
15;65;164;0,302;11,2;13,32;0
15;65;164;0,297;10,8;12,71;0
15;65;164;0,297;10,8;13,13;0
15;65;164;0,297;10,8;13,31;0
15;65;164;0,294;10,6;12,19;0
15;65;164;0,294;10,6;12,75;0
15;65;164;0,29;10,3;12,5;0
15;65;164;0,289;10,2;12,03;0
15;65;164;0,288;10,2;11,87;0
15;65;164;0,287;10,1;11,69;0
15;65;164;0,287;10,1;12,15;0
15;65;164;0,283;9,8;12,11;0
15;65;164;0,278;9,5;11,87;0
15;65;164;0,277;9,4;11,24;0
15;65;164;0,274;9,2;11,66;0
15;65;164;0,271;9;11,04;0
15;65;164;0,269;8,9;11,42;0
15;65;164;0,267;8,7;10,93;0
15;65;164;0,267;8,7;11,05;0
15;65;164;0,264;8,5;10,82;0
15;65;164;0,263;8,5;10,28;0
15;65;164;0,257;8,1;10,55;0
15;65;164;0,257;8,1;10,63;0
15;65;164;0,253;7,8;10,05;0
15;65;164;0,252;7,8;9,89;0
15;65;164;0,248;7,5;9,53;0
15;65;164;0,244;7,3;9,32;0
15;65;164;0,233;6,7;8,46;0
16;63;174;0,597;43,7;50,82;1
16;63;174;0,596;43,5;49,91;1
16;63;174;0,595;43,4;48,76;1
16;63;174;0,59;42,7;49,95;1
16;63;174;0,59;42,7;52,23;1
16;63;174;0,589;42,5;53,32;1
16;63;174;0,587;42,2;47,12;1
16;63;174;0,586;42,1;50,62;1
16;63;174;0,586;42,1;51,62;1
16;63;174;0,585;42;46,2;1
16;63;174;0,585;42;47,65;1
16;63;174;0,584;41,8;45,82;1
16;63;174;0,582;41,5;48,65;1
16;63;174;0,582;41,5;50,35;1
16;63;174;0,579;41,1;48,36;1
16;63;174;0,579;41,1;49,9;1
16;63;174;0,455;25,4;26,69;1
16;63;174;0,439;23,6;24,9;1
16;63;174;0,437;23,4;24,34;1
16;53;162;0,487;29,1;35,57;1
16;53;162;0,486;29;35,75;1
16;53;162;0,483;28,6;36,76;1
16;53;162;0,48;28,2;34,91;1
16;53;162;0,479;28,1;35,71;1
16;53;162;0,479;28,1;35,4;1
16;53;162;0,478;28;34,57;1
16;53;162;0,476;27,8;35,13;1
16;53;162;0,475;27,7;35,64;1
16;53;162;0,473;27,4;35,71;1
16;53;162;0,469;27;34,78;1
16;53;162;0,468;26,8;34,97;1
16;53;162;0,465;26,5;33,68;1
16;53;162;0,464;26,4;33,37;1
16;53;162;0,46;25,9;31,25;1
16;53;162;0,46;25,9;31,49;1
16;53;162;0,459;25,8;32,96;1
16;53;162;0,458;25,7;32,11;1
16;53;162;0,44;23,7;30,05;1
16;53;162;0,44;23,7;30,22;1
16;53;162;0,427;22,4;27,46;1
16;53;162;0,339;14,1;16,6;1
16;53;162;0,334;13,7;15,99;1
16;53;162;0,324;12,9;16,2;1
16;53;162;0,323;12,8;14,87;1
16;53;162;0,313;12;14,73;1
16;53;162;0,313;12;15,2;1
16;53;162;0,311;11,9;14,86;1
16;53;162;0,309;11,7;14,81;1
16;53;162;0,307;11,6;14,48;1
16;53;162;0,306;11,5;14,57;1
16;53;162;0,306;11,5;14,74;1
16;53;162;0,305;11,4;14,39;1
16;53;162;0,303;11,3;14,79;1
16;53;162;0,299;11;13,42;1
16;53;162;0,299;11;13,66;1
16;53;162;0,295;10,7;14,07;1
16;53;162;0,293;10,5;13,22;1
16;53;162;0,293;10,5;13,66;1
16;53;162;0,291;10,4;13,15;1
16;53;162;0,289;10,2;13,43;1
16;53;162;0,286;10;12,8;1
16;53;162;0,286;10;12,95;1
16;53;162;0,285;10;12,7;1
16;53;162;0,285;10;13,03;1
16;53;162;0,285;10;13,01;1
16;53;162;0,284;9,9;13,54;1
16;53;162;0,283;9,8;12,71;1
16;53;162;0,282;9,7;12,56;1
16;53;162;0,282;9,7;12,89;1
16;53;162;0,281;9,7;12,84;1
16;53;162;0,278;9,5;12,31;1
16;53;162;0,277;9,4;12,53;1
16;53;162;0,271;9;11,71;1
16;53;162;0,271;9;11,98;1
16;53;162;0,271;9;12,03;1
16;53;162;0,269;8,9;11,47;1
16;53;162;0,266;8,7;11,63;1
16;53;162;0,263;8,5;11,6;1
16;53;162;0,26;8,3;10,17;1
16;53;162;0,253;7,8;10,72;1
16;53;162;0,252;7,8;10,58;1
16;53;162;0,252;7,8;10,8;1
16;53;162;0,251;7,7;10,49;1
16;53;162;0,246;7,4;10,38;1
16;53;162;0,241;7,1;9,56;1
16;53;162;0,24;7,1;9,88;1
16;53;162;0,239;7;9,64;1
16;53;162;0,233;6,7;9,72;1
17;;166;0,562;38,7;50,92;1
17;;166;0,556;37,9;50,53;1
17;;166;0,555;37,8;49,64;1
17;;166;0,554;37,6;48,62;1
17;;166;0,549;36,9;46,29;1
17;;166;0,547;36,7;49,85;1
17;;166;0,546;36,5;47,75;1
17;;166;0,545;36,4;48,11;1
17;;166;0,543;36,1;47,8;1
17;;166;0,543;36,1;50,76;1
17;;166;0,532;34,7;47,68;1
17;;166;0,529;34,3;45,06;1
17;;166;0,528;34,2;44,16;1
17;;166;0,527;34;43,58;1
17;;166;0,526;33,9;45,41;1
17;;166;0,526;33,9;45,41;1
17;;166;0,521;33,3;45,99;1
17;;166;0,518;32,9;43,03;1
17;;166;0,517;32,8;42,6;1
17;;166;0,508;31,6;31,91;1
23;53;164;0,517;32,8;40,49;1
23;53;164;0,511;32;41,9;1
23;53;164;0,51;31,9;40,43;1
23;53;164;0,506;31,4;41,62;1
23;53;164;0,504;31,1;41,06;1
23;53;164;0,502;30,9;40,12;1
23;53;164;0,501;30,8;41,2;1
23;53;164;0,499;30,5;37,15;1
23;53;164;0,499;30,5;39,08;1
23;53;164;0,499;30,5;40,5;1
23;53;164;0,499;30,5;41,63;1
23;53;164;0,498;30,4;38,95;1
23;53;164;0,497;30,3;40,09;1
23;53;164;0,496;30,2;38,69;1
23;53;164;0,495;30;39,69;1
23;53;164;0,493;29,8;38,66;1
23;53;164;0,486;29;37,5;1
23;53;164;0,484;28,7;35,6;1
23;53;164;0,484;28,7;37,24;1
23;53;164;0,483;28,6;34,23;1
23;53;164;0,474;27,5;26,44;1
23;53;164;0,378;17,5;21,36;1
23;53;164;0,376;17,3;21,31;1
23;53;164;0,373;17,1;21,73;1
23;53;164;0,369;16,7;19,89;1
23;53;164;0,367;16,5;20,15;1
23;53;164;0,367;16,5;21,09;1
23;53;164;0,365;16,3;20,68;1
23;53;164;0,361;16;18;1
23;53;164;0,36;15,9;19,86;1
23;53;164;0,36;15,9;20,15;1
23;53;164;0,359;15,8;18,86;1
23;53;164;0,359;15,8;19,62;1
23;53;164;0,358;15,7;19,46;1
23;53;164;0,357;15,6;19,37;1
23;53;164;0,356;15,5;19,68;1
23;53;164;0,355;15,4;18,77;1
23;53;164;0,354;15,4;19,27;1
23;53;164;0,353;15,3;19,54;1
23;53;164;0,352;15,2;19,54;1
23;53;164;0,352;15,2;19,7;1
23;53;164;0,351;15,1;19,7;1
23;53;164;0,344;14,5;18,62;1
23;53;164;0,337;13,9;18,21;1
