Age;BMI;TFlight;Height;2Axel
11;15.22191956;312;11.9;1
11;15.22191956;312;11.9;1
11;15.22191956;331;13.4;1
11;15.22191956;343;14.4;1
11;15.22191956;422;21.8;1
11;15.22191956;434;23.1;1
11;15.22191956;424;22;1
11;15.22191956;422;21.8;1
11;15.22191956;396;19.2;1
11;15.22191956;417;21.3;1
11;15.22191956;0.42;21.6;1
11;15.22191956;403;19.9;1
11;15.22191956;401;19.7;1
11;15.22191956;392;18.8;1
11;15.22191956;396;19.2;1
11;15.22191956;398;19.4;1
11;15.22191956;0.39;18.6;1
11;15.22191956;0.37;16.8;1
11;15.22191956;369;16.7;1
11;15.22191956;367;16.5;1
11;15.22191956;369;16.7;1
11;15.22191956;385;18.2;1
11;15.22191956;373;17.1;1
11;15.22191956;0.4;19.6;1
11;15.22191956;394;19;1
11;15.22191956;376;17.3;1
11;15.22191956;373;17.1;1
11;15.22191956;375;17.2;1
11;15.22191956;317;12.3;1
11;15.22191956;322;12.7;1
11;15.22191956;367;16.5;1
11;15.22191956;347;14.8;1
11;15.22191956;436;23.3;1
11;15.22191956;432;22.9;1
11;15.22191956;431;22.8;1
11;15.22191956;432;22.9;1
11;15.22191956;432;22.9;1
11;15.22191956;433;23;1
11;15.22191956;424;22;1
11;15.22191956;416;21.2;1
11;15.22191956;421;21.7;1
11;15.22191956;419;21.5;1
11;15.22191956;414;21;1
11;15.22191956;0.41;20.6;1
11;15.22191956;401;19.7;1
11;15.22191956;404;20;1
11;15.22191956;411;20.7;1
11;15.22191956;404;20;1
11;15.22191956;369;16.7;1
11;15.22191956;385;18.2;1
11;15.22191956;383;18;1
11;15.22191956;384;18.1;1
11;15.22191956;372;17;1
11;15.22191956;382;17.9;1
11;15.22191956;389;18.5;1
11;15.22191956;378;17.5;1
10;17.35785326;395;19.1;0
10;17.35785326;355;15.4;0
10;17.35785326;406;20.2;0
10;17.35785326;399;19.5;0
10;17.35785326;423;21.9;0
10;17.35785326;402;19.8;0
10;17.35785326;396;19.2;0
10;17.35785326;396;19.2;0
10;17.35785326;418;21.4;0
10;17.35785326;414;21;0
10;17.35785326;407;20.3;0
10;17.35785326;408;20.4;0
10;17.35785326;392;18.8;0
10;17.35785326;393;18.9;0
10;17.35785326;376;17.3;0
10;17.35785326;0.39;18.6;0
10;17.35785326;387;18.4;0
10;17.35785326;381;17.8;0
10;17.35785326;372;17;0
10;17.35785326;373;17.1;0
10;17.35785326;401;19.7;0
10;17.35785326;386;18.3;0
10;17.35785326;361;16;0
10;17.35785326;362;16.1;0
10;17.35785326;335;13.8;0
10;17.35785326;359;15.8;0
10;17.35785326;343;14.4;0
10;17.35785326;329;13.3;0
10;17.35785326;356;15.5;0
10;17.35785326;364;16.2;0
10;17.35785326;377;17.4;0
10;17.35785326;408;20.4;0
10;17.35785326;425;22.1;0
10;17.35785326;437;23.4;0
10;17.35785326;428;22.5;0
10;17.35785326;422;21.8;0
10;17.35785326;416;21.2;0
10;17.35785326;411;20.7;0
10;17.35785326;398;19.4;0
10;17.35785326;406;20.2;0
10;17.35785326;394;19;0
10;17.35785326;384;18.1;0
10;17.35785326;377;17.4;0
10;17.35785326;374;17.1;0
10;17.35785326;377;17.4;0
10;17.35785326;377;17.4;0
10;17.35785326;398;19.4;0
10;17.35785326;0.39;18.6;0
10;17.35785326;374;17.1;0
10;17.35785326;379;17.6;0
10;17.35785326;381;17.8;0
10;17.35785326;374;17.1;0
10;17.35785326;375;17.2;0
10;17.35785326;384;18.1;0
10;17.35785326;368;16.6;0
10;17.35785326;367;16.5;0
12;17.33333333;435;23.2;1
12;17.33333333;426;22.2;1
12;17.33333333;0.46;25.9;1
12;17.33333333;473;27.4;1
12;17.33333333;489;29.3;1
12;17.33333333;492;29.7;1
12;17.33333333;486;29;1
12;17.33333333;465;26.5;1
12;17.33333333;0.47;27.1;1
12;17.33333333;471;27.2;1
12;17.33333333;443;24.1;1
12;17.33333333;447;24.5;1
12;17.33333333;433;23;1
12;17.33333333;427;22.4;1
12;17.33333333;448;24.6;1
12;17.33333333;449;24.7;1
12;17.33333333;441;23.8;1
12;17.33333333;444;24.2;1
12;17.33333333;439;23.6;1
12;17.33333333;446;24.4;1
12;17.33333333;462;26.2;1
12;17.33333333;465;26.5;1
12;17.33333333;441;23.8;1
12;17.33333333;472;27.3;1
12;17.33333333;0.47;27.1;1
12;17.33333333;468;26.8;1
12;17.33333333;469;27;1
12;17.33333333;459;25.8;1
12;17.33333333;463;26.3;1
12;17.33333333;469;27;1
12;17.33333333;452;25;1
12;17.33333333;447;24.5;1
12;17.33333333;449;24.7;1
12;17.33333333;463;26.3;1
12;17.33333333;451;24.9;1
12;17.33333333;445;24.3;1
12;17.33333333;0.44;23.7;1
12;17.33333333;434;23.1;1
12;17.33333333;439;23.6;1
12;17.33333333;434;23.1;1
15;18.36734694;365;16.3;0
15;18.36734694;355;15.4;0
15;18.36734694;362;16.1;0
15;18.36734694;372;17;0
15;18.36734694;414;21;0
15;18.36734694;447;24.5;0
15;18.36734694;427;22.4;0
15;18.36734694;437;23.4;0
15;18.36734694;398;19.4;0
15;18.36734694;454;25.3;0
15;18.36734694;444;24.2;0
15;18.36734694;438;23.5;0
15;18.36734694;431;22.8;0
15;18.36734694;453;25.2;0
15;18.36734694;419;21.5;0
15;18.36734694;425;22.1;0
15;18.36734694;381;17.8;0
15;18.36734694;416;21.2;0
15;18.36734694;384;18.1;0
15;18.36734694;0.41;20.6;0
15;18.36734694;347;14.8;0
15;18.36734694;418;21.4;0
15;18.36734694;312;11.9;0
15;18.36734694;418;21.4;0
15;18.36734694;329;13.3;0
15;18.36734694;412;20.8;0
15;18.36734694;359;15.8;0
15;18.36734694;366;16.4;0
15;18.36734694;331;13.4;0
15;18.36734694;322;12.7;0
15;18.36734694;342;14.3;0
15;18.36734694;386;18.3;0
15;18.36734694;402;19.8;0
15;18.36734694;384;18.1;0
15;18.36734694;416;21.2;0
15;18.36734694;413;20.9;0
15;18.36734694;432;22.9;0
15;18.36734694;394;19;0
15;18.36734694;442;23.9;0
15;18.36734694;407;20.3;0
15;18.36734694;0.44;23.7;0
15;18.36734694;354;15.4;0
15;18.36734694;432;22.9;0
15;18.36734694;389;18.5;0
15;18.36734694;428;22.5;0
15;18.36734694;0.39;18.6;0
15;18.36734694;432;22.9;0
15;18.36734694;376;17.3;0
15;18.36734694;415;21.1;0
15;18.36734694;348;14.8;0
15;18.36734694;418;21.4;0
15;18.36734694;0.36;15.9;0
15;18.36734694;406;20.2;0
15;18.36734694;339;14.1;0
15;18.36734694;409;20.5;0
15;18.36734694;361;16;0
11;14.38542277;0.38;17.7;0
11;14.38542277;364;16.2;0
11;14.38542277;364;16.2;0
11;14.38542277;396;19.2;0
11;14.38542277;426;22.2;0
11;14.38542277;423;21.9;0
11;14.38542277;399;19.5;0
11;14.38542277;393;18.9;0
11;14.38542277;308;11.6;0
11;14.38542277;376;17.3;0
11;14.38542277;392;18.8;0
11;14.38542277;373;17.1;0
11;14.38542277;367;16.5;0
11;14.38542277;374;17.1;0
11;14.38542277;375;17.2;0
11;14.38542277;394;19;0
11;14.38542277;369;16.7;0
11;14.38542277;392;18.8;0
11;14.38542277;372;17;0
11;14.38542277;421;21.7;0
11;14.38542277;346;14.7;0
11;14.38542277;317;12.3;0
11;14.38542277;307;11.6;0
11;14.38542277;322;12.7;0
11;14.38542277;383;18;0
11;14.38542277;356;15.5;0
11;14.38542277;0.39;18.6;0
11;14.38542277;399;19.5;0
11;14.38542277;391;18.7;0
11;14.38542277;421;21.7;0
11;14.38542277;411;20.7;0
11;14.38542277;407;20.3;0
11;14.38542277;422;21.8;0
11;14.38542277;427;22.4;0
11;14.38542277;434;23.1;0
11;14.38542277;452;25;0
11;14.38542277;435;23.2;0
11;14.38542277;441;23.8;0
11;14.38542277;423;21.9;0
11;14.38542277;412;20.8;0
11;14.38542277;372;17;0
11;14.38542277;405;20.1;0
11;14.38542277;0.31;11.8;0
11;14.38542277;357;15.6;0
11;14.38542277;355;15.4;0
11;14.38542277;396;19.2;0
11;14.38542277;371;16.9;0
11;14.38542277;378;17.5;0
11;14.38542277;419;21.5;0
11;14.38542277;0.44;23.7;0
11;14.38542277;319;12.5;0
11;14.38542277;436;23.3;0
10;24.03846154;486;29;0
10;24.03846154;233;6.7;0
10;24.03846154;446;24.4;0
10;24.03846154;462;26.2;0
10;24.03846154;479;28.1;0
10;24.03846154;434;23.1;0
10;24.03846154;418;21.4;0
10;24.03846154;426;22.2;0
10;24.03846154;427;22.4;0
10;24.03846154;409;20.5;0
10;24.03846154;408;20.4;0
10;24.03846154;0.4;19.6;0
10;24.03846154;418;21.4;0
10;24.03846154;444;24.2;0
10;24.03846154;427;22.4;0
10;24.03846154;417;21.3;0
10;24.03846154;414;21;0
10;24.03846154;389;18.5;0
10;24.03846154;408;20.4;0
10;24.03846154;357;15.6;0
10;24.03846154;397;19.3;0
10;24.03846154;0.39;18.6;0
10;24.03846154;444;24.2;0
10;24.03846154;433;23;0
10;24.03846154;353;15.3;0
10;24.03846154;359;15.8;0
10;24.03846154;389;18.5;0
10;24.03846154;374;17.1;0
10;24.03846154;426;22.2;0
10;24.03846154;436;23.3;0
10;24.03846154;392;18.8;0
10;24.03846154;429;22.6;0
10;24.03846154;446;24.4;0
10;24.03846154;437;23.4;0
10;24.03846154;433;23;0
10;24.03846154;388;18.5;0
10;24.03846154;0.41;20.6;0
10;24.03846154;403;19.9;0
10;24.03846154;393;18.9;0
10;24.03846154;408;20.4;0
10;24.03846154;425;22.1;0
10;24.03846154;433;23;0
10;24.03846154;418;21.4;0
10;24.03846154;403;19.9;0
10;24.03846154;412;20.8;0
10;24.03846154;416;21.2;0
8;14.6484375;341;14.3;0
8;14.6484375;362;16.1;0
8;14.6484375;0.37;16.8;0
8;14.6484375;0.37;16.8;0
8;14.6484375;375;17.2;0
8;14.6484375;382;17.9;0
8;14.6484375;0.39;18.6;0
8;14.6484375;375;17.2;0
8;14.6484375;389;18.5;0
8;14.6484375;0.41;20.6;0
8;14.6484375;389;18.5;0
8;14.6484375;391;18.7;0
8;14.6484375;391;18.7;0
8;14.6484375;388;18.5;0
8;14.6484375;369;16.7;0
8;14.6484375;0.37;16.8;0
8;14.6484375;302;11.2;0
8;14.6484375;357;15.6;0
8;14.6484375;355;15.4;0
8;14.6484375;365;16.3;0
8;14.6484375;0.37;16.8;0
8;14.6484375;404;20;0
8;14.6484375;367;16.5;0
8;14.6484375;351;15.1;0
8;14.6484375;368;16.6;0
8;14.6484375;356;15.5;0
8;14.6484375;334;13.7;0
8;14.6484375;346;14.7;0
8;14.6484375;334;13.7;0
8;14.6484375;384;18.1;0
8;14.6484375;376;17.3;0
8;14.6484375;643;50.7;0
8;14.6484375;386;18.3;0
8;14.6484375;389;18.5;0
8;14.6484375;371;16.9;0
8;14.6484375;397;19.3;0
8;14.6484375;391;18.7;0
8;14.6484375;398;19.4;0
8;14.6484375;0.39;18.6;0
8;14.6484375;0.37;16.8;0
8;14.6484375;364;16.2;0
8;14.6484375;379;17.6;0
8;14.6484375;396;19.2;0
8;14.6484375;398;19.4;0
8;14.6484375;409;20.5;0
8;14.6484375;395;19.1;0
8;14.6484375;392;18.8;0
8;14.6484375;381;17.8;0
8;14.6484375;364;16.2;0
8;14.6484375;0.39;18.6;0
8;14.6484375;392;18.8;0
8;14.6484375;374;17.1;0
8;14.6484375;0.38;17.7;0
8;14.6484375;379;17.6;0
8;14.6484375;372;17;0
8;14.6484375;394;19;0
8;14.6484375;383;18;0
8;14.6484375;349;14.9;0
8;14.6484375;347;14.8;0
9;17.82134106;406;20.2;0
9;17.82134106;393;18.9;0
9;17.82134106;448;24.6;0
9;17.82134106;451;24.9;0
9;17.82134106;379;17.6;0
9;17.82134106;454;25.3;0
9;17.82134106;448;24.6;0
9;17.82134106;468;26.8;0
9;17.82134106;481;28.4;0
9;17.82134106;465;26.5;0
9;17.82134106;434;23.1;0
9;17.82134106;448;24.6;0
9;17.82134106;0.45;24.8;0
9;17.82134106;449;24.7;0
9;17.82134106;441;23.8;0
9;17.82134106;0.4;19.6;0
9;17.82134106;421;21.7;0
9;17.82134106;406;20.2;0
9;17.82134106;422;21.8;0
9;17.82134106;0.39;18.6;0
9;17.82134106;397;19.3;0
9;17.82134106;404;20;0
9;17.82134106;412;20.8;0
9;17.82134106;446;24.4;0
9;17.82134106;433;23;0
9;17.82134106;421;21.7;0
9;17.82134106;257;8.1;0
9;17.82134106;0.37;16.8;0
9;17.82134106;406;20.2;0
9;17.82134106;428;22.5;0
9;17.82134106;427;22.4;0
9;17.82134106;451;24.9;0
9;17.82134106;474;27.5;0
9;17.82134106;451;24.9;0
9;17.82134106;463;26.3;0
9;17.82134106;444;24.2;0
9;17.82134106;451;24.9;0
9;17.82134106;431;22.8;0
9;17.82134106;423;21.9;0
9;17.82134106;406;20.2;0
9;17.82134106;437;23.4;0
9;17.82134106;0.39;18.6;0
9;17.82134106;415;21.1;0
9;17.82134106;413;20.9;0
9;17.82134106;415;21.1;0
9;17.82134106;372;17;0
9;17.82134106;397;19.3;0
9;17.82134106;405;20.1;0
9;17.82134106;428;22.5;0
9;17.82134106;416;21.2;0
9;17.82134106;419;21.5;0
9;17.82134106;411;20.7;0
9;17.82134106;403;19.9;0
9;17.82134106;411;20.7;0
9;17.82134106;404;20;0
9;17.82134106;405;20.1;0
9;17.82134106;382;17.9;0
9;17.82134106;396;19.2;0
9;17.82134106;392;18.8;0
9;17.82134106;386;18.3;0
9;17.82134106;404;20;0
9;17.82134106;398;19.4;0
9;17.82134106;418;21.4;0
9;17.82134106;405;20.1;0
9;17.82134106;394;19;0
9;17.82134106;408;20.4;0
9;17.82134106;0.39;18.6;0
9;17.82134106;393;18.9;0
9;17.82134106;397;19.3;0
9;17.82134106;397;19.3;0
9;17.82134106;391;18.7;0
10;13.45686041;392;18.8;0
10;13.45686041;367;16.5;0
10;13.45686041;429;22.6;0
10;13.45686041;434;23.1;0
10;13.45686041;403;19.9;0
10;13.45686041;374;17.1;0
10;13.45686041;361;16;0
10;13.45686041;0.38;17.7;0
10;13.45686041;345;14.6;0
10;13.45686041;388;18.5;0
10;13.45686041;365;16.3;0
10;13.45686041;353;15.3;0
10;13.45686041;369;16.7;0
10;13.45686041;359;15.8;0
10;13.45686041;345;14.6;0
10;13.45686041;343;14.4;0
10;13.45686041;327;13.1;0
10;13.45686041;334;13.7;0
10;13.45686041;329;13.3;0
10;13.45686041;322;12.7;0
10;13.45686041;321;12.6;0
10;13.45686041;355;15.4;0
10;13.45686041;329;13.3;0
10;13.45686041;333;13.6;0
10;13.45686041;315;12.2;0
10;13.45686041;308;11.6;0
10;13.45686041;312;11.9;0
10;13.45686041;303;11.3;0
10;13.45686041;588;42.4;0
10;13.45686041;451;24.9;0
10;13.45686041;371;16.9;0
10;13.45686041;383;18;0
10;13.45686041;421;21.7;0
10;13.45686041;401;19.7;0
10;13.45686041;347;14.8;0
10;13.45686041;397;19.3;0
10;13.45686041;397;19.3;0
10;13.45686041;406;20.2;0
10;13.45686041;418;21.4;0
10;13.45686041;427;22.4;0
10;13.45686041;0.4;19.6;0
10;13.45686041;397;19.3;0
10;13.45686041;358;15.7;0
10;13.45686041;379;17.6;0
10;13.45686041;381;17.8;0
10;13.45686041;0.4;19.6;0
10;13.45686041;363;16.2;0
10;13.45686041;377;17.4;0
10;13.45686041;354;15.4;0
10;13.45686041;359;15.8;0
10;13.45686041;357;15.6;0
10;13.45686041;355;15.4;0
10;13.45686041;357;15.6;0
10;13.45686041;363;16.2;0
10;13.45686041;321;12.6;0
10;13.45686041;342;14.3;0
10;13.45686041;339;14.1;0
11;18.26150475;457;25.6;0
11;18.26150475;449;24.7;0
11;18.26150475;475;27.7;0
11;18.26150475;491;29.6;0
11;18.26150475;402;19.8;0
11;18.26150475;436;23.3;0
11;18.26150475;444;24.2;0
11;18.26150475;419;21.5;0
11;18.26150475;405;20.1;0
11;18.26150475;423;21.9;0
11;18.26150475;424;22;0
11;18.26150475;0.43;22.7;0
11;18.26150475;437;23.4;0
11;18.26150475;0.41;20.6;0
11;18.26150475;435;23.2;0
11;18.26150475;423;21.9;0
11;18.26150475;415;21.1;0
11;18.26150475;426;22.2;0
11;18.26150475;0.4;19.6;0
11;18.26150475;423;21.9;0
11;18.26150475;414;21;0
11;18.26150475;435;23.2;0
11;18.26150475;0.42;21.6;0
11;18.26150475;402;19.8;0
11;18.26150475;425;22.1;0
11;18.26150475;438;23.5;0
11;18.26150475;411;20.7;0
11;18.26150475;441;23.8;0
11;18.26150475;456;25.5;0
11;18.26150475;362;16.1;0
11;18.26150475;388;18.5;0
11;18.26150475;378;17.5;0
11;18.26150475;403;19.9;0
11;18.26150475;0.41;20.6;0
11;18.26150475;419;21.5;0
11;18.26150475;435;23.2;0
11;18.26150475;401;19.7;0
11;18.26150475;394;19;0
11;18.26150475;403;19.9;0
11;18.26150475;399;19.5;0
11;18.26150475;0.41;20.6;0
11;18.26150475;415;21.1;0
11;18.26150475;0.41;20.6;0
11;18.26150475;408;20.4;0
11;18.26150475;405;20.1;0
11;18.26150475;396;19.2;0
11;18.26150475;415;21.1;0
11;18.26150475;409;20.5;0
11;18.26150475;396;19.2;0
11;18.26150475;379;17.6;0
11;18.26150475;411;20.7;0
11;18.26150475;412;20.8;0
11;16.86173378;418;21.4;1
11;16.86173378;397;19.3;1
11;16.86173378;358;15.7;1
11;16.86173378;392;18.8;1
11;16.86173378;356;15.5;1
11;16.86173378;381;17.8;1
11;16.86173378;368;16.6;1
11;16.86173378;395;19.1;1
11;16.86173378;377;17.4;1
11;16.86173378;0.37;16.8;1
11;16.86173378;366;16.4;1
11;16.86173378;0.38;17.7;1
11;16.86173378;383;18;1
11;16.86173378;0.37;16.8;1
11;16.86173378;374;17.1;1
11;16.86173378;357;15.6;1
11;16.86173378;0.38;17.7;1
11;16.86173378;378;17.5;1
11;16.86173378;355;15.4;1
11;16.86173378;368;16.6;1
11;16.86173378;0.37;16.8;1
11;16.86173378;372;17;1
11;16.86173378;345;14.6;1
11;16.86173378;372;17;1
11;16.86173378;355;15.4;1
11;16.86173378;421;21.7;1
11;16.86173378;0.4;19.6;1
11;16.86173378;352;15.2;1
11;16.86173378;379;17.6;1
11;16.86173378;374;17.1;1
11;16.86173378;415;21.1;1
11;16.86173378;405;20.1;1
11;16.86173378;0.41;20.6;1
11;16.86173378;367;16.5;1
11;16.86173378;414;21;1
11;16.86173378;418;21.4;1
11;16.86173378;393;18.9;1
11;16.86173378;418;21.4;1
14;16.10587865;463;26.3;0
14;16.10587865;478;28;0
14;16.10587865;474;27.5;0
14;16.10587865;499;30.5;0
14;16.10587865;472;27.3;0
14;16.10587865;477;27.9;0
14;16.10587865;494;29.9;0
14;16.10587865;477;27.9;0
14;16.10587865;478;28;0
14;16.10587865;456;25.5;0
14;16.10587865;459;25.8;0
14;16.10587865;461;26.1;0
14;16.10587865;467;26.7;0
14;16.10587865;463;26.3;0
14;16.10587865;472;27.3;0
14;16.10587865;476;27.8;0
14;16.10587865;466;26.6;0
14;16.10587865;444;24.2;0
14;16.10587865;427;22.4;0
14;16.10587865;438;23.5;0
14;16.10587865;462;26.2;0
14;16.10587865;451;24.9;0
14;16.10587865;465;26.5;0
14;16.10587865;0.46;25.9;0
14;16.10587865;457;25.6;0
14;16.10587865;0.44;23.7;0
14;16.10587865;447;24.5;0
14;16.10587865;459;25.8;0
14;16.10587865;428;22.5;0
14;16.10587865;437;23.4;0
14;16.10587865;457;25.6;0
14;16.10587865;447;24.5;0
14;16.10587865;448;24.6;0
14;16.10587865;453;25.2;0
14;16.10587865;459;25.8;0
14;16.10587865;458;25.7;0
14;16.10587865;461;26.1;0
14;16.10587865;455;25.4;0
14;16.10587865;461;26.1;0
14;16.10587865;444;24.2;0
14;16.10587865;424;22;0
14;16.10587865;444;24.2;0
14;16.10587865;428;22.5;0
14;16.10587865;445;24.3;0
14;16.10587865;447;24.5;0
14;16.10587865;445;24.3;0
14;16.10587865;438;23.5;0
14;16.10587865;464;26.4;0
12;20.7756232686981;299;11;0
16;18.8189243102864;299;11;1
16;18.8189243102864;299;11;1
12;14.9116266830402;299;11;1
12;14.9116266830402;299;11;1
15;24.1671624033314;313;12;0
15;24.1671624033314;313;12;0
15;24.1671624033314;313;12;0
16;18.8189243102864;313;12;1
16;18.8189243102864;313;12;1
22;27.0416441319632;326;13;0
13;16.7311124330756;326;13;0
13;16.7311124330756;326;13;0
11;15.2219195641724;326;13;0
11;15.2219195641724;326;13;0
13;16.7311124330756;338;14;0
13;16.7311124330756;338;14;0
10;18.3673469387755;361;16;1
23;18.3654729109275;361;16;1
10;17.3578532557703;361;16;1
7;14.6484375;361;16;1
10;13.4568604109518;361;16;1
10;18.3673469387755;372;17;1
10;17.8213410559145;372;17;1
10;17.3578532557703;372;17;1
11;16.8617337829796;372;17;1
11;16.8617337829796;372;17;1
9;16.8617337829796;372;17;0
9;16.8617337829796;372;17;0
11;15.2219195641724;372;17;0
11;15.2219195641724;372;17;0
7;14.6484375;372;17;1
7;14.6484375;372;17;1
11;14.3854227715915;372;17;1
11;14.3854227715915;372;17;1
11;16.8617337829796;383;18;1
11;16.8617337829796;383;18;1
9;16.8617337829796;383;18;0
9;16.8617337829796;383;18;0
13;16.7311124330756;383;18;0
11;15.2219195641724;383;18;0
11;15.2219195641724;383;18;0
7;14.6484375;383;18;1
11;14.3854227715915;383;18;1
11;14.3854227715915;383;18;1
10;13.4568604109518;383;18;1
10;18.3673469387755;394;19;1
11;18.2615047479912;394;19;1
10;17.8213410559145;394;19;1
13;17.4817898022893;394;19;0
13;16.7311124330756;394;19;0
11;15.2219195641724;394;19;0
11;15.2219195641724;394;19;0
7;14.6484375;394;19;1
11;14.3854227715915;394;19;1
10;17.8213410559145;404;20;1
10;17.8213410559145;404;20;1
10;17.8213410559145;404;20;1
13;16.7311124330756;404;20;0
11;15.2219195641724;404;20;0
11;15.2219195641724;404;20;0
11;15.2219195641724;404;20;0
11;15.2219195641724;404;20;0
7;14.6484375;404;20;1
10;18.3673469387755;414;21;1
11;18.2615047479912;414;21;1
10;17.3578532557703;414;21;1
11;16.8617337829796;414;21;1
9;16.8617337829796;414;21;0
13;16.7311124330756;414;21;0
11;15.2219195641724;414;21;0
11;15.2219195641724;414;21;0
11;16.8617337829796;405;21;1
11;18.2615047479912;424;22;1
13;17.4817898022893;424;22;0
11;15.2219195641724;424;22;0
11;15.2219195641724;424;22;0
11;15.2219195641724;424;22;0
11;15.2219195641724;424;22;0
15;24.1671624033314;433;23;0
10;17.8213410559145;433;23;1
13;17.4817898022893;433;23;0
12;17.3333333333333;433;23;0
12;17.3333333333333;433;23;0
11;15.2219195641724;433;23;0
11;15.2219195641724;433;23;0
15;24.1671624033314;452;25;0
12;17.3333333333333;452;25;0
12;17.3333333333333;452;25;0
12;17.3333333333333;452;25;0
12;17.3333333333333;452;25;0
13;16.7311124330756;452;25;0
13;16.7311124330756;452;25;0
12;14.9116266830402;452;25;1
11;14.3854227715915;452;25;1
11;16.8617337829796;410;26;1
11;15.2219195641724;410;26;0
16;18.8189243102864;469;27;1
12;17.3333333333333;469;27;0
12;17.3333333333333;469;27;0
12;17.3333333333333;469;27;0
12;17.3333333333333;469;27;0
11;15.2219195641724;411;27;0
16;18.8189243102864;478;28;1
14;16.1058786457057;478;28;1
14;16.1058786457057;478;28;1
16;18.8189243102864;486;29;1
23;18.3654729109275;486;29;1
12;17.3333333333333;486;29;0
12;17.3333333333333;486;29;0
23;18.3654729109275;495;30;1
12;17.3333333333333;495;30;0
23;18.3654729109275;511;32;1
12;17.3333333333333;527;34;0
12;17.3333333333333;500;36;0
12;17.3333333333333;557;38;0
16;19.9183673469388;585;42;1
16;19.9183673469388;585;42;1
22;27.0416441319632;113;1.6;0
22;27.0416441319632;119;1.7;0
9;16.8617337829796;119;1.7;0
10;17.3578532557703;125;1.9;1
22;27.0416441319632;124;1.9;0
11;14.3854227715915;123;1.9;1
15;24.1671624033314;287;10.1;0
15;24.1671624033314;287;10.1;0
15;24.1671624033314;289;10.2;0
16;18.8189243102864;289;10.2;1
13;17.4817898022893;289;10.2;0
15;24.1671624033314;288;10.2;0
13;17.4817898022893;288;10.2;0
12;14.9116266830402;288;10.2;1
12;14.9116266830402;288;10.2;1
16;18.8189243102864;291;10.4;1
12;20.7756232686981;293;10.5;0
12;20.7756232686981;293;10.5;0
16;18.8189243102864;293;10.5;1
16;18.8189243102864;293;10.5;1
13;17.4817898022893;293;10.5;0
15;24.1671624033314;294;10.6;0
15;24.1671624033314;294;10.6;0
13;16.7311124330756;294;10.6;0
13;17.4817898022893;296;10.7;0
16;18.8189243102864;295;10.7;1
13;17.4817898022893;295;10.7;0
13;17.4817898022893;295;10.7;0
12;14.9116266830402;295;10.7;1
15;24.1671624033314;297;10.8;0
15;24.1671624033314;297;10.8;0
15;24.1671624033314;297;10.8;0
12;14.9116266830402;297;10.8;1
12;14.9116266830402;298;10.9;1
12;14.9116266830402;298;10.9;1
13;17.4817898022893;301;11.1;0
12;14.9116266830402;301;11.1;1
15;24.1671624033314;302;11.2;0
15;24.1671624033314;302;11.2;0
13;17.4817898022893;302;11.2;0
12;14.9116266830402;302;11.2;1
7;14.6484375;302;11.2;1
15;24.1671624033314;303;11.3;0
16;18.8189243102864;303;11.3;1
10;13.4568604109518;303;11.3;1
15;24.1671624033314;305;11.4;0
16;18.8189243102864;305;11.4;1
12;14.9116266830402;305;11.4;1
16;18.8189243102864;306;11.5;1
16;18.8189243102864;306;11.5;1
15;24.1671624033314;308;11.6;0
11;14.3854227715915;308;11.6;1
10;13.4568604109518;308;11.6;1
15;24.1671624033314;307;11.6;0
16;18.8189243102864;307;11.6;1
13;16.7311124330756;307;11.6;0
11;14.3854227715915;307;11.6;1
10;13.4568604109518;307;11.6;1
16;18.8189243102864;309;11.7;1
12;14.9116266830402;309;11.7;1
12;14.9116266830402;309;11.7;1
11;14.3854227715915;310;11.8;1
15;24.1671624033314;312;11.9;0
10;18.3673469387755;312;11.9;1
13;17.4817898022893;312;11.9;0
11;15.2219195641724;312;11.9;0
11;15.2219195641724;312;11.9;0
11;15.2219195641724;312;11.9;0
11;15.2219195641724;312;11.9;0
10;13.4568604109518;312;11.9;1
12;20.7756232686981;311;11.9;0
16;18.8189243102864;311;11.9;1
12;14.9116266830402;311;11.9;1
15;24.1671624033314;316;12.2;0
12;14.9116266830402;316;12.2;1
13;16.7311124330756;315;12.2;0
10;13.4568604109518;315;12.2;1
15;24.1671624033314;317;12.3;0
11;15.2219195641724;317;12.3;0
11;15.2219195641724;317;12.3;0
12;14.9116266830402;317;12.3;1
11;14.3854227715915;317;12.3;1
13;16.7311124330756;318;12.4;0
12;14.9116266830402;318;12.4;1
15;24.1671624033314;319;12.5;0
15;24.1671624033314;319;12.5;0
11;14.3854227715915;319;12.5;1
22;27.0416441319632;321;12.6;0
13;16.7311124330756;321;12.6;0
10;13.4568604109518;321;12.6;1
10;13.4568604109518;321;12.6;1
22;27.0416441319632;322;12.7;0
10;18.3673469387755;322;12.7;1
13;16.7311124330756;322;12.7;0
11;15.2219195641724;322;12.7;0
11;15.2219195641724;322;12.7;0
11;14.3854227715915;322;12.7;1
10;13.4568604109518;322;12.7;1
15;24.1671624033314;323;12.8;0
16;18.8189243102864;323;12.8;1
16;18.8189243102864;324;12.9;1
13;17.4817898022893;324;12.9;0
11;15.2219195641724;324;12.9;0
11;15.2219195641724;324;12.9;0
12;14.9116266830402;324;12.9;1
10;13.4568604109518;327;13.1;1
13;16.7311124330756;328;13.2;0
10;18.3673469387755;330;13.3;1
10;18.3673469387755;329;13.3;1
10;17.3578532557703;329;13.3;1
13;16.7311124330756;329;13.3;0
11;15.2219195641724;329;13.3;0
11;15.2219195641724;329;13.3;0
10;13.4568604109518;329;13.3;1
10;13.4568604109518;329;13.3;1
15;24.1671624033314;331;13.4;0
10;18.3673469387755;331;13.4;1
11;15.2219195641724;331;13.4;0
11;15.2219195641724;331;13.4;0
10;18.3673469387755;332;13.5;1
10;17.8213410559145;332;13.5;1
15;24.1671624033314;333;13.6;0
10;13.4568604109518;333;13.6;1
22;27.0416441319632;334;13.7;0
16;18.8189243102864;334;13.7;1
7;14.6484375;334;13.7;1
7;14.6484375;334;13.7;1
10;13.4568604109518;334;13.7;1
10;17.3578532557703;335;13.8;1
23;18.3654729109275;337;13.9;1
11;16.8617337829796;337;13.9;1
9;16.8617337829796;337;13.9;0
16;18.8189243102864;339;14.1;1
10;18.3673469387755;339;14.1;1
10;13.4568604109518;339;14.1;1
15;24.1671624033314;342;14.3;0
10;18.3673469387755;342;14.3;1
10;13.4568604109518;342;14.3;1
7;14.6484375;341;14.3;1
10;17.3578532557703;343;14.4;1
11;15.2219195641724;343;14.4;0
11;15.2219195641724;343;14.4;0
10;13.4568604109518;343;14.4;1
12;20.7756232686981;344;14.5;0
12;20.7756232686981;344;14.5;0
23;18.3654729109275;344;14.5;1
12;20.7756232686981;345;14.6;0
11;16.8617337829796;345;14.6;1
9;16.8617337829796;345;14.6;0
10;13.4568604109518;345;14.6;1
10;13.4568604109518;345;14.6;1
7;14.6484375;346;14.7;1
11;14.3854227715915;346;14.7;1
12;20.7756232686981;348;14.8;0
12;20.7756232686981;348;14.8;0
10;18.3673469387755;348;14.8;1
12;20.7756232686981;347;14.8;0
12;20.7756232686981;347;14.8;0
10;18.3673469387755;347;14.8;1
11;15.2219195641724;347;14.8;0
11;15.2219195641724;347;14.8;0
7;14.6484375;347;14.8;1
10;13.4568604109518;347;14.8;1
7;14.6484375;349;14.9;1
12;20.7756232686981;351;15.1;0
10;18.3673469387755;351;15.1;1
23;18.3654729109275;351;15.1;1
7;14.6484375;351;15.1;1
11;14.3854227715915;351;15.1;1
11;14.3854227715915;351;15.1;1
23;18.3654729109275;352;15.2;1
23;18.3654729109275;352;15.2;1
11;16.8617337829796;352;15.2;1
9;16.8617337829796;352;15.2;0
23;18.3654729109275;353;15.3;1
10;13.4568604109518;353;15.3;1
10;18.3673469387755;355;15.4;1
23;18.3654729109275;355;15.4;1
10;17.8213410559145;355;15.4;1
10;17.3578532557703;355;15.4;1
11;16.8617337829796;355;15.4;1
11;16.8617337829796;355;15.4;1
9;16.8617337829796;355;15.4;0
9;16.8617337829796;355;15.4;0
13;16.7311124330756;355;15.4;0
7;14.6484375;355;15.4;1
11;14.3854227715915;355;15.4;1
10;13.4568604109518;355;15.4;1
10;13.4568604109518;355;15.4;1
10;18.3673469387755;354;15.4;1
23;18.3654729109275;354;15.4;1
10;13.4568604109518;354;15.4;1
22;27.0416441319632;356;15.5;0
12;20.7756232686981;356;15.5;0
12;20.7756232686981;356;15.5;0
23;18.3654729109275;356;15.5;1
10;17.3578532557703;356;15.5;1
11;16.8617337829796;356;15.5;1
11;16.8617337829796;356;15.5;1
9;16.8617337829796;356;15.5;0
9;16.8617337829796;356;15.5;0
7;14.6484375;356;15.5;1
11;14.3854227715915;356;15.5;1
23;18.3654729109275;357;15.6;1
11;16.8617337829796;357;15.6;1
9;16.8617337829796;357;15.6;0
7;14.6484375;357;15.6;1
11;14.3854227715915;357;15.6;1
10;13.4568604109518;357;15.6;1
10;13.4568604109518;357;15.6;1
23;18.3654729109275;358;15.7;1
11;16.8617337829796;358;15.7;1
11;16.8617337829796;358;15.7;1
9;16.8617337829796;358;15.7;0
9;16.8617337829796;358;15.7;0
10;13.4568604109518;358;15.7;1
10;18.3673469387755;359;15.8;1
23;18.3654729109275;359;15.8;1
23;18.3654729109275;359;15.8;1
10;17.8213410559145;359;15.8;1
10;17.3578532557703;359;15.8;1
10;13.4568604109518;359;15.8;1
10;13.4568604109518;359;15.8;1
10;18.3673469387755;360;15.9;1
12;20.7756232686981;362;16.1;0
10;18.3673469387755;362;16.1;1
10;18.3673469387755;362;16.1;1
11;18.2615047479912;362;16.1;1
10;17.3578532557703;362;16.1;1
11;15.2219195641724;362;16.1;0
11;15.2219195641724;362;16.1;0
7;14.6484375;362;16.1;1
10;17.3578532557703;364;16.2;1
13;16.7311124330756;364;16.2;0
7;14.6484375;364;16.2;1
7;14.6484375;364;16.2;1
11;14.3854227715915;364;16.2;1
11;14.3854227715915;364;16.2;1
10;13.4568604109518;363;16.2;1
10;13.4568604109518;363;16.2;1
10;18.3673469387755;365;16.3;1
23;18.3654729109275;365;16.3;1
10;17.8213410559145;365;16.3;1
13;16.7311124330756;365;16.3;0
7;14.6484375;365;16.3;1
7;14.6484375;365;16.3;1
10;13.4568604109518;365;16.3;1
10;18.3673469387755;366;16.4;1
11;16.8617337829796;366;16.4;1
9;16.8617337829796;366;16.4;0
12;20.7756232686981;367;16.5;0
12;20.7756232686981;367;16.5;0
23;18.3654729109275;367;16.5;1
23;18.3654729109275;367;16.5;1
11;16.8617337829796;367;16.5;1
9;16.8617337829796;367;16.5;0
11;15.2219195641724;367;16.5;0
11;15.2219195641724;367;16.5;0
11;15.2219195641724;367;16.5;0
11;15.2219195641724;367;16.5;0
7;14.6484375;367;16.5;1
11;14.3854227715915;367;16.5;1
10;13.4568604109518;367;16.5;1
11;16.8617337829796;368;16.6;1
11;16.8617337829796;368;16.6;1
9;16.8617337829796;368;16.6;0
9;16.8617337829796;368;16.6;0
7;14.6484375;368;16.6;1
23;18.3654729109275;369;16.7;1
13;16.7311124330756;369;16.7;0
11;15.2219195641724;369;16.7;0
11;15.2219195641724;369;16.7;0
11;15.2219195641724;369;16.7;0
11;15.2219195641724;369;16.7;0
11;15.2219195641724;369;16.7;0
11;15.2219195641724;369;16.7;0
7;14.6484375;369;16.7;1
11;14.3854227715915;369;16.7;1
10;13.4568604109518;369;16.7;1
10;17.8213410559145;370;16.8;1
11;16.8617337829796;370;16.8;1
11;16.8617337829796;370;16.8;1
11;16.8617337829796;370;16.8;1
9;16.8617337829796;370;16.8;0
9;16.8617337829796;370;16.8;0
9;16.8617337829796;370;16.8;0
11;15.2219195641724;370;16.8;0
11;15.2219195641724;370;16.8;0
7;14.6484375;370;16.8;1
7;14.6484375;370;16.8;1
7;14.6484375;370;16.8;1
7;14.6484375;370;16.8;1
7;14.6484375;370;16.8;1
7;14.6484375;370;16.8;1
7;14.6484375;371;16.9;1
7;14.6484375;371;16.9;1
11;14.3854227715915;371;16.9;1
10;13.4568604109518;371;16.9;1
10;17.3578532557703;374;17.1;1
11;16.8617337829796;374;17.1;1
11;16.8617337829796;374;17.1;1
9;16.8617337829796;374;17.1;0
9;16.8617337829796;374;17.1;0
7;14.6484375;374;17.1;1
11;14.3854227715915;374;17.1;1
10;13.4568604109518;374;17.1;1
12;20.7756232686981;373;17.1;0
12;20.7756232686981;373;17.1;0
23;18.3654729109275;373;17.1;1
10;17.3578532557703;373;17.1;1
13;16.7311124330756;373;17.1;0
11;15.2219195641724;373;17.1;0
11;15.2219195641724;373;17.1;0
11;15.2219195641724;373;17.1;0
11;15.2219195641724;373;17.1;0
11;14.3854227715915;373;17.1;1
22;27.0416441319632;375;17.2;0
12;20.7756232686981;375;17.2;0
10;18.3673469387755;375;17.2;1
13;16.7311124330756;375;17.2;0
11;15.2219195641724;375;17.2;0
11;15.2219195641724;375;17.2;0
7;14.6484375;375;17.2;1
7;14.6484375;375;17.2;1
10;18.3673469387755;376;17.3;1
23;18.3654729109275;376;17.3;1
11;18.2615047479912;376;17.3;1
10;17.3578532557703;376;17.3;1
11;15.2219195641724;376;17.3;0
11;15.2219195641724;376;17.3;0
7;14.6484375;376;17.3;1
11;14.3854227715915;376;17.3;1
10;13.4568604109518;376;17.3;1
12;20.7756232686981;377;17.4;0
10;17.3578532557703;377;17.4;1
11;16.8617337829796;377;17.4;1
11;16.8617337829796;377;17.4;1
9;16.8617337829796;377;17.4;0
9;16.8617337829796;377;17.4;0
10;13.4568604109518;377;17.4;1
12;20.7756232686981;378;17.5;0
23;18.3654729109275;378;17.5;1
11;18.2615047479912;378;17.5;1
11;16.8617337829796;378;17.5;1
9;16.8617337829796;378;17.5;0
11;15.2219195641724;378;17.5;0
11;15.2219195641724;378;17.5;0
11;14.3854227715915;378;17.5;1
12;20.7756232686981;379;17.6;0
11;18.2615047479912;379;17.6;1
10;17.8213410559145;379;17.6;1
11;16.8617337829796;379;17.6;1
9;16.8617337829796;379;17.6;0
7;14.6484375;379;17.6;1
7;14.6484375;379;17.6;1
11;14.3854227715915;379;17.6;1
10;13.4568604109518;379;17.6;1
11;16.8617337829796;380;17.7;1
11;16.8617337829796;380;17.7;1
9;16.8617337829796;380;17.7;0
9;16.8617337829796;380;17.7;0
7;14.6484375;380;17.7;1
11;14.3854227715915;380;17.7;1
11;14.3854227715915;380;17.7;1
11;14.3854227715915;380;17.7;1
10;13.4568604109518;380;17.7;1
10;18.3673469387755;381;17.8;1
11;16.8617337829796;381;17.8;1
9;16.8617337829796;381;17.8;0
7;14.6484375;381;17.8;1
10;13.4568604109518;381;17.8;1
10;13.4568604109518;381;17.8;1
10;17.8213410559145;382;17.9;1
13;16.7311124330756;382;17.9;0
11;15.2219195641724;382;17.9;0
11;15.2219195641724;382;17.9;0
7;14.6484375;382;17.9;1
22;27.0416441319632;384;18.1;0
10;18.3673469387755;384;18.1;1
10;18.3673469387755;384;18.1;1
10;17.3578532557703;384;18.1;1
13;16.7311124330756;384;18.1;0
11;15.2219195641724;384;18.1;0
11;15.2219195641724;384;18.1;0
7;14.6484375;384;18.1;1
11;15.2219195641724;385;18.2;0
11;15.2219195641724;385;18.2;0
11;15.2219195641724;385;18.2;0
11;15.2219195641724;385;18.2;0
10;18.3673469387755;386;18.3;1
10;17.8213410559145;386;18.3;1
13;17.4817898022893;386;18.3;0
10;17.3578532557703;386;18.3;1
13;16.7311124330756;386;18.3;0
7;14.6484375;386;18.3;1
10;17.3578532557703;387;18.4;1
10;18.3673469387755;389;18.5;1
13;16.7311124330756;389;18.5;0
11;15.2219195641724;389;18.5;0
11;15.2219195641724;389;18.5;0
7;14.6484375;389;18.5;1
7;14.6484375;389;18.5;1
7;14.6484375;389;18.5;1
11;18.2615047479912;388;18.5;1
7;14.6484375;388;18.5;1
10;13.4568604109518;388;18.5;1
22;27.0416441319632;390;18.6;0
10;18.3673469387755;390;18.6;1
10;17.8213410559145;390;18.6;1
10;17.8213410559145;390;18.6;1
10;17.8213410559145;390;18.6;1
10;17.3578532557703;390;18.6;1
11;15.2219195641724;390;18.6;0
11;15.2219195641724;390;18.6;0
7;14.6484375;390;18.6;1
7;14.6484375;390;18.6;1
7;14.6484375;390;18.6;1
11;14.3854227715915;390;18.6;1
10;17.8213410559145;391;18.7;1
13;17.4817898022893;391;18.7;0
7;14.6484375;391;18.7;1
7;14.6484375;391;18.7;1
7;14.6484375;391;18.7;1
11;14.3854227715915;391;18.7;1
10;17.8213410559145;392;18.8;1
10;17.3578532557703;392;18.8;1
11;16.8617337829796;392;18.8;1
9;16.8617337829796;392;18.8;0
11;15.2219195641724;392;18.8;0
11;15.2219195641724;392;18.8;0
7;14.6484375;392;18.8;1
7;14.6484375;392;18.8;1
11;14.3854227715915;392;18.8;1
11;14.3854227715915;392;18.8;1
10;13.4568604109518;392;18.8;1
10;17.8213410559145;393;18.9;1
10;17.8213410559145;393;18.9;1
10;17.8213410559145;393;18.9;1
10;17.3578532557703;393;18.9;1
11;16.8617337829796;393;18.9;1
9;16.8617337829796;393;18.9;0
13;16.7311124330756;393;18.9;0
11;14.3854227715915;393;18.9;1
10;17.3578532557703;395;19.1;1
11;16.8617337829796;395;19.1;1
9;16.8617337829796;395;19.1;0
13;16.7311124330756;395;19.1;0
13;16.7311124330756;395;19.1;0
11;15.2219195641724;395;19.1;0
11;15.2219195641724;395;19.1;0
7;14.6484375;395;19.1;1
11;18.2615047479912;396;19.2;1
11;18.2615047479912;396;19.2;1
10;17.8213410559145;396;19.2;1
10;17.3578532557703;396;19.2;1
10;17.3578532557703;396;19.2;1
13;16.7311124330756;396;19.2;0
11;15.2219195641724;396;19.2;0
11;15.2219195641724;396;19.2;0
11;15.2219195641724;396;19.2;0
11;15.2219195641724;396;19.2;0
7;14.6484375;396;19.2;1
11;14.3854227715915;396;19.2;1
11;14.3854227715915;396;19.2;1
10;17.8213410559145;397;19.3;1
10;17.8213410559145;397;19.3;1
10;17.8213410559145;397;19.3;1
10;17.8213410559145;397;19.3;1
11;16.8617337829796;397;19.3;1
9;16.8617337829796;397;19.3;0
12;14.9116266830402;397;19.3;1
7;14.6484375;397;19.3;1
10;13.4568604109518;397;19.3;1
10;13.4568604109518;397;19.3;1
10;13.4568604109518;397;19.3;1
10;18.3673469387755;398;19.4;1
10;17.8213410559145;398;19.4;1
11;15.2219195641724;398;19.4;0
11;15.2219195641724;398;19.4;0
7;14.6484375;398;19.4;1
7;14.6484375;398;19.4;1
10;13.4568604109518;398;19.4;1
11;18.2615047479912;399;19.5;1
13;17.4817898022893;399;19.5;0
10;17.3578532557703;399;19.5;1
11;14.3854227715915;399;19.5;1
11;14.3854227715915;399;19.5;1
11;18.2615047479912;400;19.6;1
10;17.8213410559145;400;19.6;1
10;17.3578532557703;400;19.6;1
11;16.8617337829796;400;19.6;1
9;16.8617337829796;400;19.6;0
11;15.2219195641724;400;19.6;0
11;15.2219195641724;400;19.6;0
10;13.4568604109518;400;19.6;1
10;13.4568604109518;400;19.6;1
11;18.2615047479912;401;19.7;1
10;17.3578532557703;401;19.7;1
11;16.8617337829796;401;19.7;1
9;16.8617337829796;401;19.7;0
11;15.2219195641724;401;19.7;0
11;15.2219195641724;401;19.7;0
11;15.2219195641724;401;19.7;0
11;15.2219195641724;401;19.7;0
10;13.4568604109518;401;19.7;1
10;18.3673469387755;402;19.8;1
11;18.2615047479912;402;19.8;1
11;18.2615047479912;402;19.8;1
10;17.3578532557703;402;19.8;1
13;16.7311124330756;402;19.8;0
13;16.7311124330756;402;19.8;0
11;15.2219195641724;402;19.8;0
11;15.2219195641724;402;19.8;0
10;13.4568604109518;402;19.8;1
11;18.2615047479912;403;19.9;1
11;18.2615047479912;403;19.9;1
10;17.8213410559145;403;19.9;1
11;15.2219195641724;403;19.9;0
11;15.2219195641724;403;19.9;0
10;13.4568604109518;403;19.9;1
22;27.0416441319632;131;2.1;0
10;17.8213410559145;135;2.2;1
7;14.6484375;135;2.2;1
22;27.0416441319632;136;2.3;0
22;27.0416441319632;152;2.8;0
22;27.0416441319632;153;2.9;0
11;18.2615047479912;405;20.1;1
11;18.2615047479912;405;20.1;1
10;17.8213410559145;405;20.1;1
10;17.8213410559145;405;20.1;1
10;17.8213410559145;405;20.1;1
9;16.8617337829796;405;20.1;0
13;16.7311124330756;405;20.1;0
7;14.6484375;405;20.1;1
11;14.3854227715915;405;20.1;1
10;18.3673469387755;406;20.2;1
10;17.8213410559145;406;20.2;1
10;17.8213410559145;406;20.2;1
10;17.8213410559145;406;20.2;1
10;17.8213410559145;406;20.2;1
10;17.3578532557703;406;20.2;1
13;16.7311124330756;406;20.2;0
10;13.4568604109518;406;20.2;1
10;18.3673469387755;407;20.3;1
13;17.4817898022893;407;20.3;0
10;17.3578532557703;407;20.3;1
13;16.7311124330756;407;20.3;0
11;14.3854227715915;407;20.3;1
11;18.2615047479912;408;20.4;1
10;17.8213410559145;408;20.4;1
10;17.3578532557703;408;20.4;1
10;17.3578532557703;408;20.4;1
10;18.3673469387755;409;20.5;1
11;18.2615047479912;409;20.5;1
10;17.3578532557703;409;20.5;1
7;14.6484375;409;20.5;1
10;18.3673469387755;410;20.6;1
11;18.2615047479912;410;20.6;1
11;18.2615047479912;410;20.6;1
11;18.2615047479912;410;20.6;1
11;18.2615047479912;410;20.6;1
11;18.2615047479912;410;20.6;1
9;16.8617337829796;410;20.6;0
11;15.2219195641724;410;20.6;0
7;14.6484375;410;20.6;1
11;18.2615047479912;411;20.7;1
11;18.2615047479912;411;20.7;1
10;17.8213410559145;411;20.7;1
10;17.8213410559145;411;20.7;1
13;17.4817898022893;411;20.7;0
11;15.2219195641724;411;20.7;0
11;14.3854227715915;411;20.7;1
10;18.3673469387755;412;20.8;1
11;18.2615047479912;412;20.8;1
10;17.8213410559145;412;20.8;1
13;17.4817898022893;412;20.8;0
11;14.3854227715915;412;20.8;1
10;18.3673469387755;413;20.9;1
10;17.8213410559145;413;20.9;1
10;18.3673469387755;415;21.1;1
11;18.2615047479912;415;21.1;1
11;18.2615047479912;415;21.1;1
11;18.2615047479912;415;21.1;1
10;17.8213410559145;415;21.1;1
10;17.8213410559145;415;21.1;1
13;17.4817898022893;415;21.1;0
11;16.8617337829796;415;21.1;1
9;16.8617337829796;415;21.1;0
10;18.3673469387755;416;21.2;1
10;18.3673469387755;416;21.2;1
11;18.2615047479912;416;21.2;1
10;17.8213410559145;416;21.2;1
11;15.2219195641724;416;21.2;0
11;15.2219195641724;416;21.2;0
11;18.2615047479912;417;21.3;1
10;17.8213410559145;417;21.3;1
13;16.7311124330756;417;21.3;0
11;15.2219195641724;417;21.3;0
11;15.2219195641724;417;21.3;0
22;27.0416441319632;418;21.4;0
10;18.3673469387755;418;21.4;1
10;18.3673469387755;418;21.4;1
10;18.3673469387755;418;21.4;1
10;17.8213410559145;418;21.4;1
10;17.3578532557703;418;21.4;1
11;16.8617337829796;418;21.4;1
11;16.8617337829796;418;21.4;1
11;16.8617337829796;418;21.4;1
9;16.8617337829796;418;21.4;0
9;16.8617337829796;418;21.4;0
9;16.8617337829796;418;21.4;0
10;13.4568604109518;418;21.4;1
10;18.3673469387755;419;21.5;1
11;18.2615047479912;419;21.5;1
11;18.2615047479912;419;21.5;1
10;17.8213410559145;419;21.5;1
11;16.8617337829796;419;21.5;1
9;16.8617337829796;419;21.5;0
11;15.2219195641724;419;21.5;0
11;15.2219195641724;419;21.5;0
11;14.3854227715915;419;21.5;1
22;27.0416441319632;420;21.6;0
11;18.2615047479912;420;21.6;1
11;15.2219195641724;420;21.6;0
11;15.2219195641724;420;21.6;0
10;17.8213410559145;421;21.7;1
10;17.8213410559145;421;21.7;1
11;16.8617337829796;421;21.7;1
9;16.8617337829796;421;21.7;0
11;15.2219195641724;421;21.7;0
11;15.2219195641724;421;21.7;0
11;14.3854227715915;421;21.7;1
11;14.3854227715915;421;21.7;1
10;13.4568604109518;421;21.7;1
15;24.1671624033314;422;21.8;0
10;17.8213410559145;422;21.8;1
11;15.2219195641724;422;21.8;0
11;15.2219195641724;422;21.8;0
11;15.2219195641724;422;21.8;0
11;15.2219195641724;422;21.8;0
11;14.3854227715915;422;21.8;1
11;18.2615047479912;423;21.9;1
11;18.2615047479912;423;21.9;1
11;18.2615047479912;423;21.9;1
10;17.8213410559145;423;21.9;1
10;17.3578532557703;423;21.9;1
11;14.3854227715915;423;21.9;1
11;14.3854227715915;423;21.9;1
10;18.3673469387755;425;22.1;1
11;18.2615047479912;425;22.1;1
13;17.4817898022893;425;22.1;0
12;14.9116266830402;425;22.1;1
13;19.5716812826979;426;22.2;1
11;18.2615047479912;426;22.2;1
13;17.4817898022893;426;22.2;0
13;17.4817898022893;426;22.2;0
12;17.3333333333333;426;22.2;0
12;17.3333333333333;426;22.2;0
11;14.3854227715915;426;22.2;1
16;18.8189243102864;427;22.4;1
10;18.3673469387755;427;22.4;1
10;17.8213410559145;427;22.4;1
13;17.4817898022893;427;22.4;0
13;17.4817898022893;427;22.4;0
12;17.3333333333333;427;22.4;0
12;17.3333333333333;427;22.4;0
14;16.1058786457057;427;22.4;1
11;14.3854227715915;427;22.4;1
10;13.4568604109518;427;22.4;1
22;27.0416441319632;428;22.5;0
10;18.3673469387755;428;22.5;1
10;17.8213410559145;428;22.5;1
10;17.8213410559145;428;22.5;1
10;17.8213410559145;428;22.5;1
10;13.4568604109518;428;22.5;1
13;17.4817898022893;429;22.6;0
13;17.4817898022893;429;22.6;0
10;13.4568604109518;429;22.6;1
11;18.2615047479912;430;22.7;1
10;18.3673469387755;431;22.8;1
10;17.8213410559145;431;22.8;1
11;15.2219195641724;431;22.8;0
11;15.2219195641724;431;22.8;0
10;18.3673469387755;432;22.9;1
10;18.3673469387755;432;22.9;1
10;18.3673469387755;432;22.9;1
11;15.2219195641724;432;22.9;0
11;15.2219195641724;432;22.9;0
11;15.2219195641724;432;22.9;0
11;15.2219195641724;432;22.9;0
11;15.2219195641724;432;22.9;0
11;15.2219195641724;432;22.9;0
10;17.8213410559145;434;23.1;1
12;17.3333333333333;434;23.1;0
12;17.3333333333333;434;23.1;0
12;17.3333333333333;434;23.1;0
12;17.3333333333333;434;23.1;0
11;15.2219195641724;434;23.1;0
11;15.2219195641724;434;23.1;0
12;14.9116266830402;434;23.1;1
11;14.3854227715915;434;23.1;1
10;13.4568604109518;434;23.1;1
11;18.2615047479912;435;23.2;1
11;18.2615047479912;435;23.2;1
11;18.2615047479912;435;23.2;1
12;17.3333333333333;435;23.2;0
12;17.3333333333333;435;23.2;0
11;14.3854227715915;435;23.2;1
13;19.5716812826979;436;23.3;1
13;19.5716812826979;436;23.3;1
11;18.2615047479912;436;23.3;1
13;17.4817898022893;436;23.3;0
14;16.1058786457057;436;23.3;1
11;15.2219195641724;436;23.3;0
11;15.2219195641724;436;23.3;0
11;14.3854227715915;436;23.3;1
15;24.1671624033314;437;23.4;0
15;24.1671624033314;437;23.4;0
16;19.9183673469388;437;23.4;1
10;18.3673469387755;437;23.4;1
11;18.2615047479912;437;23.4;1
11;18.2615047479912;437;23.4;1
10;17.8213410559145;437;23.4;1
10;18.3673469387755;438;23.5;1
11;18.2615047479912;438;23.5;1
13;17.4817898022893;438;23.5;0
12;17.3333333333333;438;23.5;0
12;17.3333333333333;438;23.5;0
14;16.1058786457057;438;23.5;1
16;19.9183673469388;439;23.6;1
13;19.5716812826979;439;23.6;1
12;17.3333333333333;439;23.6;0
12;17.3333333333333;439;23.6;0
12;17.3333333333333;439;23.6;0
12;17.3333333333333;439;23.6;0
12;17.3333333333333;439;23.6;0
12;17.3333333333333;439;23.6;0
10;18.3673469387755;440;23.7;1
12;17.3333333333333;440;23.7;0
12;17.3333333333333;440;23.7;0
14;16.1058786457057;440;23.7;1
11;14.3854227715915;440;23.7;1
15;24.1671624033314;441;23.8;0
11;18.2615047479912;441;23.8;1
10;17.8213410559145;441;23.8;1
12;17.3333333333333;441;23.8;0
12;17.3333333333333;441;23.8;0
12;17.3333333333333;441;23.8;0
12;17.3333333333333;441;23.8;0
13;16.7311124330756;441;23.8;0
11;14.3854227715915;441;23.8;1
13;19.5716812826979;442;23.9;1
10;18.3673469387755;442;23.9;1
10;18.3673469387755;443;24.1;1
12;17.3333333333333;443;24.1;0
12;17.3333333333333;443;24.1;0
12;14.9116266830402;443;24.1;1
22;27.0416441319632;444;24.2;0
13;19.5716812826979;444;24.2;1
10;18.3673469387755;444;24.2;1
11;18.2615047479912;444;24.2;1
10;17.8213410559145;444;24.2;1
12;17.3333333333333;444;24.2;0
12;17.3333333333333;444;24.2;0
13;16.7311124330756;444;24.2;0
14;16.1058786457057;444;24.2;1
12;14.9116266830402;444;24.2;1
15;24.1671624033314;445;24.3;0
12;17.3333333333333;445;24.3;0
12;17.3333333333333;445;24.3;0
12;14.9116266830402;445;24.3;1
15;24.1671624033314;446;24.4;0
15;24.1671624033314;446;24.4;0
15;24.1671624033314;446;24.4;0
13;19.5716812826979;446;24.4;1
10;17.8213410559145;446;24.4;1
12;17.3333333333333;446;24.4;0
12;17.3333333333333;446;24.4;0
12;14.9116266830402;446;24.4;1
10;18.3673469387755;447;24.5;1
12;17.3333333333333;447;24.5;0
12;17.3333333333333;447;24.5;0
12;17.3333333333333;447;24.5;0
12;17.3333333333333;447;24.5;0
13;19.5716812826979;448;24.6;1
10;17.8213410559145;448;24.6;1
10;17.8213410559145;448;24.6;1
10;17.8213410559145;448;24.6;1
12;17.3333333333333;448;24.6;0
12;17.3333333333333;448;24.6;0
13;16.7311124330756;448;24.6;0
12;14.9116266830402;448;24.6;1
11;18.2615047479912;449;24.7;1
10;17.8213410559145;449;24.7;1
12;17.3333333333333;449;24.7;0
12;17.3333333333333;449;24.7;0
12;17.3333333333333;449;24.7;0
12;17.3333333333333;449;24.7;0
12;17.3333333333333;449;24.7;0
12;17.3333333333333;449;24.7;0
13;16.7311124330756;449;24.7;0
12;14.9116266830402;449;24.7;1
12;14.9116266830402;449;24.7;1
22;27.0416441319632;450;24.8;0
10;17.8213410559145;450;24.8;1
10;17.8213410559145;450;24.8;1
15;24.1671624033314;451;24.9;0
10;17.8213410559145;451;24.9;1
10;17.8213410559145;451;24.9;1
10;17.8213410559145;451;24.9;1
10;17.8213410559145;451;24.9;1
13;17.4817898022893;451;24.9;0
12;17.3333333333333;451;24.9;0
12;17.3333333333333;451;24.9;0
14;16.1058786457057;451;24.9;1
10;13.4568604109518;451;24.9;1
10;18.3673469387755;453;25.2;1
10;17.8213410559145;453;25.2;1
15;24.1671624033314;454;25.3;0
15;24.1671624033314;454;25.3;0
10;18.3673469387755;454;25.3;1
10;17.8213410559145;454;25.3;1
15;24.1671624033314;455;25.4;0
16;19.9183673469388;455;25.4;1
13;19.5716812826979;455;25.4;1
11;18.2615047479912;455;25.4;1
13;16.7311124330756;455;25.4;0
13;16.7311124330756;455;25.4;0
15;24.1671624033314;456;25.5;0
11;18.2615047479912;456;25.5;1
12;17.3333333333333;456;25.5;0
12;17.3333333333333;456;25.5;0
13;16.7311124330756;456;25.5;0
13;16.7311124330756;456;25.5;0
13;16.7311124330756;456;25.5;0
14;16.1058786457057;456;25.5;1
12;14.9116266830402;456;25.5;1
13;19.5716812826979;457;25.6;1
13;19.5716812826979;457;25.6;1
11;18.2615047479912;457;25.6;1
13;16.7311124330756;457;25.6;0
14;16.1058786457057;457;25.6;1
15;24.1671624033314;458;25.7;0
15;24.1671624033314;458;25.7;0
16;18.8189243102864;458;25.7;1
12;14.9116266830402;458;25.7;1
12;14.9116266830402;458;25.7;1
13;19.5716812826979;459;25.8;1
16;18.8189243102864;459;25.8;1
12;17.3333333333333;459;25.8;0
12;17.3333333333333;459;25.8;0
12;17.3333333333333;459;25.8;0
13;16.7311124330756;459;25.8;0
14;16.1058786457057;459;25.8;1
12;14.9116266830402;459;25.8;1
12;17.3333333333333;460;25.9;0
12;17.3333333333333;460;25.9;0
14;16.1058786457057;460;25.9;1
10;17.8213410559145;461;26.1;1
14;16.1058786457057;461;26.1;1
12;14.9116266830402;461;26.1;1
12;17.3333333333333;462;26.2;0
12;17.3333333333333;462;26.2;0
14;16.1058786457057;462;26.2;1
14;16.1058786457057;462;26.2;1
12;14.9116266830402;462;26.2;1
10;17.8213410559145;463;26.3;1
12;17.3333333333333;463;26.3;0
12;17.3333333333333;463;26.3;0
12;17.3333333333333;463;26.3;0
12;17.3333333333333;463;26.3;0
13;16.7311124330756;463;26.3;0
14;16.1058786457057;463;26.3;1
14;16.1058786457057;463;26.3;1
15;24.1671624033314;464;26.4;0
15;24.1671624033314;464;26.4;0
13;19.5716812826979;464;26.4;1
16;18.8189243102864;464;26.4;1
13;16.7311124330756;464;26.4;0
12;14.9116266830402;464;26.4;1
12;14.9116266830402;464;26.4;1
16;18.8189243102864;465;26.5;1
10;17.8213410559145;465;26.5;1
12;17.3333333333333;465;26.5;0
12;17.3333333333333;465;26.5;0
12;17.3333333333333;465;26.5;0
12;17.3333333333333;465;26.5;0
14;16.1058786457057;465;26.5;1
12;14.9116266830402;465;26.5;1
13;19.5716812826979;466;26.6;1
13;19.5716812826979;466;26.6;1
14;16.1058786457057;466;26.6;1
14;16.1058786457057;466;26.6;1
13;16.7311124330756;467;26.7;0
14;16.1058786457057;467;26.7;1
16;18.8189243102864;468;26.8;1
10;17.8213410559145;468;26.8;1
12;17.3333333333333;468;26.8;0
12;17.3333333333333;468;26.8;0
12;17.3333333333333;470;27.1;0
12;17.3333333333333;470;27.1;0
12;17.3333333333333;470;27.1;0
12;17.3333333333333;470;27.1;0
12;17.3333333333333;471;27.2;0
12;17.3333333333333;471;27.2;0
12;17.3333333333333;472;27.3;0
12;17.3333333333333;472;27.3;0
14;16.1058786457057;472;27.3;1
14;16.1058786457057;472;27.3;1
14;16.1058786457057;472;27.3;1
16;18.8189243102864;473;27.4;1
12;17.3333333333333;473;27.4;0
12;17.3333333333333;473;27.4;0
13;16.7311124330756;473;27.4;0
23;18.3654729109275;474;27.5;1
10;17.8213410559145;474;27.5;1
14;16.1058786457057;474;27.5;1
16;18.8189243102864;475;27.7;1
11;18.2615047479912;475;27.7;1
13;16.7311124330756;475;27.7;0
16;18.8189243102864;476;27.8;1
13;16.7311124330756;476;27.8;0
14;16.1058786457057;476;27.8;1
13;19.5716812826979;477;27.9;1
14;16.1058786457057;477;27.9;1
14;16.1058786457057;477;27.9;1
13;19.5716812826979;479;28.1;1
16;18.8189243102864;479;28.1;1
16;18.8189243102864;479;28.1;1
10;17.8213410559145;481;28.4;1
16;18.8189243102864;483;28.6;1
23;18.3654729109275;483;28.6;1
23;18.3654729109275;484;28.7;1
23;18.3654729109275;484;28.7;1
16;18.8189243102864;487;29.1;1
12;17.3333333333333;487;29.1;0
12;17.3333333333333;489;29.3;0
12;17.3333333333333;489;29.3;0
11;18.2615047479912;491;29.6;1
12;17.3333333333333;492;29.7;0
12;17.3333333333333;492;29.7;0
23;18.3654729109275;493;29.8;1
14;16.1058786457057;494;29.9;1
10;17.8213410559145;169;3.5;1
23;18.3654729109275;496;30.2;1
23;18.3654729109275;497;30.3;1
23;18.3654729109275;498;30.4;1
23;18.3654729109275;499;30.5;1
23;18.3654729109275;499;30.5;1
23;18.3654729109275;499;30.5;1
23;18.3654729109275;499;30.5;1
14;16.1058786457057;499;30.5;1
12;17.3333333333333;500;30.6;0
23;18.3654729109275;501;30.8;1
23;18.3654729109275;502;30.9;1
23;18.3654729109275;504;31.1;1
23;18.3654729109275;506;31.4;1
12;17.3333333333333;515;32.5;0
12;17.3333333333333;516;32.6;0
23;18.3654729109275;517;32.8;1
12;17.3333333333333;521;33.3;0
12;17.3333333333333;528;34.2;0
12;17.3333333333333;533;34.8;0
12;17.3333333333333;538;35.5;0
12;17.3333333333333;541;35.9;0
12;17.3333333333333;549;36.9;0
9;16.8617337829796;554;37.6;0
16;19.9183673469388;579;41.1;1
16;19.9183673469388;579;41.1;1
16;19.9183673469388;582;41.5;1
16;19.9183673469388;582;41.5;1
16;19.9183673469388;584;41.8;1
16;19.9183673469388;586;42.1;1
16;19.9183673469388;586;42.1;1
16;19.9183673469388;587;42.2;1
16;19.9183673469388;589;42.5;1
12;17.3333333333333;591;42.8;0
16;19.9183673469388;595;43.4;1
16;19.9183673469388;596;43.5;1
11;18.2615047479912;210;5.4;1
12;20.7756232686981;231;6.5;0
12;20.7756232686981;231;6.5;0
12;20.7756232686981;232;6.6;0
15;24.1671624033314;233;6.7;0
16;18.8189243102864;233;6.7;1
12;20.7756232686981;236;6.8;0
12;20.7756232686981;237;6.9;0
12;20.7756232686981;237;6.9;0
13;17.4817898022893;237;6.9;0
12;20.7756232686981;241;7.1;0
16;18.8189243102864;241;7.1;1
13;17.4817898022893;243;7.2;0
13;17.4817898022893;243;7.2;0
12;20.7756232686981;242;7.2;0
12;20.7756232686981;242;7.2;0
15;24.1671624033314;244;7.3;0
12;20.7756232686981;244;7.3;0
13;17.4817898022893;244;7.3;0
13;17.4817898022893;244;7.3;0
12;20.7756232686981;246;7.4;0
12;20.7756232686981;246;7.4;0
16;18.8189243102864;246;7.4;1
13;17.4817898022893;246;7.4;0
15;24.1671624033314;248;7.5;0
13;17.4817898022893;248;7.5;0
13;17.4817898022893;248;7.5;0
12;14.9116266830402;248;7.5;1
13;17.4817898022893;249;7.6;0
13;17.4817898022893;249;7.6;0
16;18.8189243102864;251;7.7;1
12;14.9116266830402;251;7.7;1
12;14.9116266830402;251;7.7;1
15;24.1671624033314;253;7.8;0
16;18.8189243102864;253;7.8;1
13;17.4817898022893;253;7.8;0
15;24.1671624033314;252;7.8;0
12;20.7756232686981;252;7.8;0
16;18.8189243102864;252;7.8;1
16;18.8189243102864;252;7.8;1
15;24.1671624033314;257;8.1;0
15;24.1671624033314;257;8.1;0
10;17.8213410559145;257;8.1;1
10;17.8213410559145;257;8.1;1
13;17.4817898022893;257;8.1;0
12;14.9116266830402;259;8.2;1
12;14.9116266830402;259;8.2;1
10;17.8213410559145;258;8.2;1
13;17.4817898022893;258;8.2;0
15;24.1671624033314;264;8.5;0
15;24.1671624033314;263;8.5;0
12;20.7756232686981;263;8.5;0
16;18.8189243102864;263;8.5;1
13;17.4817898022893;263;8.5;0
13;17.4817898022893;263;8.5;0
12;14.9116266830402;265;8.6;1
12;14.9116266830402;265;8.6;1
12;14.9116266830402;265;8.6;1
15;24.1671624033314;267;8.7;0
15;24.1671624033314;267;8.7;0
12;20.7756232686981;267;8.7;0
12;20.7756232686981;267;8.7;0
12;14.9116266830402;267;8.7;1
16;18.8189243102864;266;8.7;1
13;17.4817898022893;266;8.7;0
12;14.9116266830402;266;8.7;1
12;14.9116266830402;268;8.8;1
15;24.1671624033314;269;8.9;0
16;18.8189243102864;269;8.9;1
12;14.9116266830402;269;8.9;1
13;16.7311124330756;273;9.1;0
15;24.1671624033314;274;9.2;0
13;17.4817898022893;274;9.2;0
12;14.9116266830402;274;9.2;1
12;14.9116266830402;276;9.3;1
13;17.4817898022893;275;9.3;0
15;24.1671624033314;277;9.4;0
16;18.8189243102864;277;9.4;1
13;17.4817898022893;277;9.4;0
13;17.4817898022893;279;9.5;0
12;14.9116266830402;279;9.5;1
12;14.9116266830402;279;9.5;1
15;24.1671624033314;278;9.5;0
12;20.7756232686981;278;9.5;0
16;18.8189243102864;278;9.5;1
13;17.4817898022893;278;9.5;0
12;14.9116266830402;278;9.5;1
16;18.8189243102864;282;9.7;1
16;18.8189243102864;282;9.7;1
12;14.9116266830402;282;9.7;1
16;18.8189243102864;281;9.7;1
12;14.9116266830402;281;9.7;1
15;24.1671624033314;283;9.8;0
16;18.8189243102864;283;9.8;1
16;18.8189243102864;284;9.9;1
13;17.4817898022893;284;9.9;0
12;14.9116266830402;284;9.9;1